 @GETMEM-I,  Allocated    4768 MB of main memory.
  Data from point                      1
  Force constant matrix before transformation 

                 COLUMN   1       COLUMN   2       COLUMN   3       COLUMN   4
 ROW   1      0.02354427468    0.00053983981    0.00000000000   -0.07138965233
 ROW   2      0.00053983981    1.06174091478    0.00000000000   -0.00045353915
 ROW   3      0.00000000000    0.00000000000    0.08677729870    0.00000000000
 ROW   4     -0.07138965234   -0.00045353915    0.00000000000    0.21649475139
 ROW   5     -0.00077046871   -0.96618487118    0.00000000000   -0.00074474366
 ROW   6      0.00000000000    0.00000000000   -0.12266099769    0.00000000000
 ROW   7      0.02392268888   -0.00004315033   -0.00001223380   -0.07255254953
 ROW   8      0.00011531450   -0.04777802185   -0.04387969562    0.00059914141
 ROW   9      0.00007820744   -0.01794840387    0.01794184954    0.00080339011
 ROW  10      0.02392268888   -0.00004315033    0.00001223380   -0.07255254953
 ROW  11      0.00011531450   -0.04777802185    0.04387969562    0.00059914141
 ROW  12     -0.00007820744    0.01794840387    0.01794184954   -0.00080339011

                 COLUMN   5       COLUMN   6       COLUMN   7       COLUMN   8
 ROW   1     -0.00077046871    0.00000000000    0.02392268888    0.00011531450
 ROW   2     -0.96618487120    0.00000000000   -0.00004315033   -0.04777802185
 ROW   3      0.00000000000   -0.12266099769   -0.00001223380   -0.04387969562
 ROW   4     -0.00074474366    0.00000000000   -0.07255254953    0.00059914140
 ROW   5      1.18992679530    0.00000000000    0.00075760613   -0.11187096200
 ROW   6      0.00000000000    0.65995832285    0.00128932832   -0.08996180006
 ROW   7      0.00075760613    0.00128932833    0.02432041696   -0.00074838038
 ROW   8     -0.11187096200   -0.08996180005   -0.00074838037    0.14948929655
 ROW   9     -0.08863918964   -0.26864866258   -0.00107934603    0.12021454460
 ROW  10      0.00075760613   -0.00128932833    0.02430944380    0.00003392447
 ROW  11     -0.11187096200    0.08996180005    0.00003392447    0.01015968740
 ROW  12      0.08863918964   -0.26864866258   -0.00019774849    0.01362695108

                 COLUMN   9       COLUMN  10       COLUMN  11       COLUMN  12
 ROW   1      0.00007820744    0.02392268888    0.00011531450   -0.00007820744
 ROW   2     -0.01794840386   -0.00004315033   -0.04777802185    0.01794840386
 ROW   3      0.01794184955    0.00001223380    0.04387969562    0.01794184955
 ROW   4      0.00080339011   -0.07255254953    0.00059914140   -0.00080339011
 ROW   5     -0.08863918965    0.00075760613   -0.11187096200    0.08863918965
 ROW   6     -0.26864866259   -0.00128932832    0.08996180006   -0.26864866259
 ROW   7     -0.00107934604    0.02430944380    0.00003392447   -0.00019774849
 ROW   8      0.12021454459    0.00003392447    0.01015968740    0.01362695108
 ROW   9      0.27159792575    0.00019774849   -0.01362695108   -0.02089111271
 ROW  10      0.00019774849    0.02432041696   -0.00074838038    0.00107934604
 ROW  11     -0.01362695108   -0.00074838037    0.14948929655   -0.12021454459
 ROW  12     -0.02089111271    0.00107934603   -0.12021454460    0.27159792575
  Transformation matrix 

                 COLUMN   1       COLUMN   2       COLUMN   3
 ROW   1      1.00000000000   -0.00000000023   -0.00000000000
 ROW   2     -0.00000000000   -0.00000000000   -1.00000000000
 ROW   3      0.00000000023    1.00000000000   -0.00000000000
  Force constant matrix after transformation 

                 COLUMN   1       COLUMN   2       COLUMN   3       COLUMN   4
 ROW   1      0.02354427468    0.00000000000    0.00053983957   -0.07138965233
 ROW   2      0.00000000000    0.08677729870   -0.00000000000   -0.00000000000
 ROW   3      0.00053983957   -0.00000000000    1.06174091478   -0.00045353894
 ROW   4     -0.07138965234   -0.00000000000   -0.00045353895    0.21649475139
 ROW   5     -0.00000000000   -0.12266099769    0.00000000000    0.00000000000
 ROW   6     -0.00077046850    0.00000000000   -0.96618487118   -0.00074474389
 ROW   7      0.02392268888    0.00001223379   -0.00004315031   -0.07255254953
 ROW   8     -0.00007820744    0.01794184954    0.01794840387   -0.00080339013
 ROW   9      0.00011531452    0.04387969562   -0.04777802185    0.00059914141
 ROW  10      0.02392268888   -0.00001223379   -0.00004315031   -0.07255254953
 ROW  11      0.00007820744    0.01794184954   -0.01794840387    0.00080339013
 ROW  12      0.00011531452   -0.04387969562   -0.04777802185    0.00059914141

                 COLUMN   5       COLUMN   6       COLUMN   7       COLUMN   8
 ROW   1     -0.00000000000   -0.00077046851    0.02392268888   -0.00007820744
 ROW   2     -0.12266099769    0.00000000000    0.00001223379    0.01794184955
 ROW   3      0.00000000000   -0.96618487120   -0.00004315031    0.01794840386
 ROW   4      0.00000000000   -0.00074474388   -0.07255254953   -0.00080339013
 ROW   5      0.65995832285   -0.00000000000   -0.00128932834   -0.26864866259
 ROW   6     -0.00000000000    1.18992679530    0.00075760614    0.08863918965
 ROW   7     -0.00128932835    0.00075760614    0.02432041696    0.00107934607
 ROW   8     -0.26864866258    0.08863918964    0.00107934606    0.27159792575
 ROW   9      0.08996180005   -0.11187096200   -0.00074838040   -0.12021454459
 ROW  10      0.00128932835    0.00075760614    0.02430944380   -0.00019774850
 ROW  11     -0.26864866258   -0.08863918964    0.00019774849   -0.02089111271
 ROW  12     -0.08996180005   -0.11187096200    0.00003392447    0.01362695108

                 COLUMN   9       COLUMN  10       COLUMN  11       COLUMN  12
 ROW   1      0.00011531452    0.02392268888    0.00007820744    0.00011531452
 ROW   2      0.04387969562   -0.00001223379    0.01794184955   -0.04387969562
 ROW   3     -0.04777802185   -0.00004315031   -0.01794840386   -0.04777802185
 ROW   4      0.00059914141   -0.07255254953    0.00080339013    0.00059914141
 ROW   5      0.08996180006    0.00128932834   -0.26864866259   -0.08996180006
 ROW   6     -0.11187096200    0.00075760614   -0.08863918965   -0.11187096200
 ROW   7     -0.00074838040    0.02430944380    0.00019774850    0.00003392447
 ROW   8     -0.12021454459   -0.00019774849   -0.02089111271    0.01362695108
 ROW   9      0.14948929655    0.00003392447   -0.01362695108    0.01015968740
 ROW  10      0.00003392447    0.02432041696   -0.00107934607   -0.00074838040
 ROW  11     -0.01362695108   -0.00107934606    0.27159792575    0.12021454459
 ROW  12      0.01015968740   -0.00074838040    0.12021454459    0.14948929655
  @SETGEOM-I, Using symmetry to generate FCM for negative direction
              along normal coordinate   7.
 @CHECKOUT-I, Total execution time (CPU/WALL):        0.03/       0.07 seconds.
 @GETMEM-I,  Allocated    4768 MB of main memory.
  Data from point                      3
  Force constant matrix before transformation 

                 COLUMN   1       COLUMN   2       COLUMN   3       COLUMN   4
 ROW   1      1.06174339836    0.00164743892    0.00000000000   -0.96618633011
 ROW   2      0.00164743892    0.08678039341    0.00000000000   -0.00078029671
 ROW   3      0.00000000000    0.00000000000    0.02354085740    0.00000000000
 ROW   4     -0.96618633012   -0.00078029671    0.00000000000    1.18994493636
 ROW   5     -0.00108160492   -0.12266107241    0.00000000000   -0.00097823386
 ROW   6      0.00000000000    0.00000000000   -0.07139040119    0.00000000000
 ROW   7     -0.04822725820   -0.04431404412    0.00000000000   -0.11044058738
 ROW   8     -0.01823364100    0.01771939848    0.00000000000   -0.08775914392
 ROW   9      0.00000000000    0.00000000000    0.02416749802    0.00000000000
 ROW  10     -0.04732981005    0.04344690192    0.00000000000   -0.11331801898
 ROW  11      0.01766780700    0.01816128052    0.00000000000    0.08951767450
 ROW  12      0.00000000000    0.00000000000    0.02368204577    0.00000000000

                 COLUMN   5       COLUMN   6       COLUMN   7       COLUMN   8
 ROW   1     -0.00108160493    0.00000000000   -0.04822725819   -0.01823364100
 ROW   2     -0.12266107241    0.00000000000   -0.04431404412    0.01771939849
 ROW   3      0.00000000000   -0.07139040119    0.00000000000    0.00000000000
 ROW   4     -0.00097823385    0.00000000000   -0.11044058738   -0.08775914392
 ROW   5      0.65996718224    0.00000000000   -0.08893300658   -0.26964750043
 ROW   6      0.00000000000    0.21648727760    0.00000000000    0.00000000000
 ROW   7     -0.08893300658    0.00000000000    0.14850935158    0.11948321969
 ROW   8     -0.26964750043    0.00000000000    0.11948321969    0.27281608205
 ROW   9      0.00000000000   -0.07274107133    0.00000000000    0.00000000000
 ROW  10      0.09099284536    0.00000000000    0.01015849400   -0.01349043477
 ROW  11     -0.26765860939    0.00000000000    0.01376383112   -0.02088798011
 ROW  12      0.00000000000   -0.07235580518    0.00000000000    0.00000000000

                 COLUMN   9       COLUMN  10       COLUMN  11       COLUMN  12
 ROW   1      0.00000000000   -0.04732981005    0.01766780701    0.00000000000
 ROW   2      0.00000000000    0.04344690192    0.01816128053    0.00000000000
 ROW   3      0.02416749800    0.00000000000    0.00000000000    0.02368204579
 ROW   4      0.00000000000   -0.11331801897    0.08951767449    0.00000000000
 ROW   5      0.00000000000    0.09099284536   -0.26765860939    0.00000000000
 ROW   6     -0.07274107131    0.00000000000    0.00000000000   -0.07235580520
 ROW   7      0.00000000000    0.01015849400    0.01376383112    0.00000000000
 ROW   8      0.00000000000   -0.01349043477   -0.02088798011    0.00000000000
 ROW   9      0.02426296981    0.00000000000    0.00000000000    0.02431060359
 ROW  10      0.00000000000    0.15048933513   -0.12094931251    0.00000000000
 ROW  11      0.00000000000   -0.12094931251    0.27038530887    0.00000000000
 ROW  12      0.02431060359    0.00000000000    0.00000000000    0.02436315581
  Transformation matrix 

                 COLUMN   1       COLUMN   2       COLUMN   3
 ROW   1      0.00000000000   -0.00000000000    1.00000000000
 ROW   2      0.00152887648   -0.99999883127   -0.00000000000
 ROW   3      0.99999883127    0.00152887648   -0.00000000000
  Force constant matrix after transformation 

                 COLUMN   1       COLUMN   2       COLUMN   3       COLUMN   4
 ROW   1      0.02354085740    0.00000000000    0.00000000000   -0.07139040119
 ROW   2      0.00000000000    0.08677763490   -0.00015683495   -0.00000000000
 ROW   3      0.00000000000   -0.00015683495    1.06174615688   -0.00000000000
 ROW   4     -0.07139040119   -0.00000000000   -0.00000000000    0.21648727760
 ROW   5     -0.00000000000   -0.12266019751   -0.00020804385    0.00000000000
 ROW   6     -0.00000000000   -0.00050935206   -0.96618720502    0.00000000000
 ROW   7      0.02416749802    0.00000000000   -0.00000000000   -0.07274107133
 ROW   8      0.00000000000    0.01781487190    0.01813267062   -0.00000000000
 ROW   9      0.00000000000    0.04421307375   -0.04832273162    0.00000000000
 ROW  10      0.02368204577   -0.00000000000   -0.00000000000   -0.07235580518
 ROW  11     -0.00000000000    0.01806769071   -0.01776779182   -0.00000000000
 ROW  12     -0.00000000000   -0.04354688674   -0.04723622024   -0.00000000000

                 COLUMN   5       COLUMN   6       COLUMN   7       COLUMN   8
 ROW   1     -0.00000000000   -0.00000000000    0.02416749800    0.00000000000
 ROW   2     -0.12266019751   -0.00050935206    0.00000000000    0.01781487191
 ROW   3     -0.00020804385   -0.96618720501   -0.00000000000    0.01813267062
 ROW   4      0.00000000000    0.00000000000   -0.07274107131   -0.00000000000
 ROW   5      0.65997141224    0.00178849887   -0.00000000000   -0.26937698814
 ROW   6      0.00178849886    1.18994070637    0.00000000000    0.08800213833
 ROW   7     -0.00000000000    0.00000000000    0.02426296981    0.00000000000
 ROW   8     -0.26937698814    0.08800213833    0.00000000000    0.27245044175
 ROW   9      0.08917600099   -0.11071109968   -0.00000000000   -0.11967271053
 ROW  10     -0.00000000000   -0.00000000000    0.02431060359   -0.00000000000
 ROW  11     -0.26793422659   -0.08928128514   -0.00000000000   -0.02088832552
 ROW  12     -0.09075645600   -0.11304240178    0.00000000000    0.01353790157

                 COLUMN   9       COLUMN  10       COLUMN  11       COLUMN  12
 ROW   1      0.00000000000    0.02368204579   -0.00000000000   -0.00000000000
 ROW   2      0.04421307374   -0.00000000000    0.01806769072   -0.04354688673
 ROW   3     -0.04832273162   -0.00000000000   -0.01776779182   -0.04723622024
 ROW   4      0.00000000000   -0.07235580520   -0.00000000000   -0.00000000000
 ROW   5      0.08917600099   -0.00000000000   -0.26793422659   -0.09075645600
 ROW   6     -0.11071109968   -0.00000000000   -0.08928128513   -0.11304240177
 ROW   7     -0.00000000000    0.02431060359   -0.00000000000    0.00000000000
 ROW   8     -0.11967271053   -0.00000000000   -0.02088832553    0.01353790157
 ROW   9      0.14887499188   -0.00000000000   -0.01371636431    0.01015883941
 ROW  10     -0.00000000000    0.02436315581    0.00000000000    0.00000000000
 ROW  11     -0.01371636431    0.00000000000    0.27075486130    0.12076544116
 ROW  12      0.01015883941    0.00000000000    0.12076544116    0.15011978270
  @SETGEOM-I, Using symmetry to generate FCM for negative direction
              along normal coordinate   8.
 @CHECKOUT-I, Total execution time (CPU/WALL):        0.01/       0.02 seconds.
 @GETMEM-I,  Allocated    4768 MB of main memory.
  Data from point                      5
  Force constant matrix before transformation 

                 COLUMN   1       COLUMN   2       COLUMN   3       COLUMN   4
 ROW   1      0.02431355366    0.00000000000    0.00000000000   -0.07191789046
 ROW   2      0.00000000000    0.08696372840    0.00000000000    0.00000000000
 ROW   3      0.00000000000    0.00000000000    1.05745460035    0.00000000000
 ROW   4     -0.07191789046    0.00000000000    0.00000000000    0.21711160265
 ROW   5      0.00000000000   -0.12298414600    0.00000000000    0.00000000000
 ROW   6      0.00000000000    0.00000000000   -0.96258614408    0.00000000000
 ROW   7      0.02380216840    0.00000000000    0.00000000000   -0.07259685610
 ROW   8      0.00000000000    0.01801020880    0.01782781315    0.00000000000
 ROW   9      0.00000000000    0.04354729810   -0.04743422808    0.00000000000
 ROW  10      0.02380216840    0.00000000000    0.00000000000   -0.07259685610
 ROW  11      0.00000000000    0.01801020880   -0.01782781315    0.00000000000
 ROW  12      0.00000000000   -0.04354729810   -0.04743422808    0.00000000000

                 COLUMN   5       COLUMN   6       COLUMN   7       COLUMN   8
 ROW   1      0.00000000000    0.00000000000    0.02380216840    0.00000000000
 ROW   2     -0.12298414600    0.00000000000    0.00000000000    0.01801020879
 ROW   3      0.00000000000   -0.96258614408    0.00000000000    0.01782781315
 ROW   4      0.00000000000    0.00000000000   -0.07259685610    0.00000000000
 ROW   5      0.65795306353    0.00000000000    0.00000000000   -0.26748445881
 ROW   6      0.00000000000    1.18801290060    0.00000000000    0.08878297871
 ROW   7      0.00000000000    0.00000000000    0.02426195149    0.00000000000
 ROW   8     -0.26748445882    0.08878297871    0.00000000000    0.27084528693
 ROW   9      0.09043088395   -0.11271337831    0.00000000000   -0.12029448690
 ROW  10      0.00000000000    0.00000000000    0.02453273631    0.00000000000
 ROW  11     -0.26748445882   -0.08878297871    0.00000000000   -0.02137103692
 ROW  12     -0.09043088395   -0.11271337831    0.00000000000    0.01368369504

                 COLUMN   9       COLUMN  10       COLUMN  11       COLUMN  12
 ROW   1      0.00000000000    0.02380216840    0.00000000000    0.00000000000
 ROW   2      0.04354729810    0.00000000000    0.01801020879   -0.04354729810
 ROW   3     -0.04743422808    0.00000000000   -0.01782781315   -0.04743422808
 ROW   4      0.00000000000   -0.07259685610    0.00000000000    0.00000000000
 ROW   5      0.09043088395    0.00000000000   -0.26748445881   -0.09043088395
 ROW   6     -0.11271337831    0.00000000000   -0.08878297871   -0.11271337831
 ROW   7      0.00000000000    0.02453273631    0.00000000000    0.00000000000
 ROW   8     -0.12029448690    0.00000000000   -0.02137103692    0.01368369504
 ROW   9      0.14992889914    0.00000000000   -0.01368369504    0.01021870725
 ROW  10      0.00000000000    0.02426195149    0.00000000000    0.00000000000
 ROW  11     -0.01368369504    0.00000000000    0.27084528693    0.12029448690
 ROW  12      0.01021870725    0.00000000000    0.12029448690    0.14992889914
  Transformation matrix 

                 COLUMN   1       COLUMN   2       COLUMN   3
 ROW   1      1.00000000000    0.00000000000   -0.00000000000
 ROW   2      0.00000000000   -1.00000000000    0.00000000000
 ROW   3     -0.00000000000   -0.00000000000   -1.00000000000
  Force constant matrix after transformation 

                 COLUMN   1       COLUMN   2       COLUMN   3       COLUMN   4
 ROW   1      0.02431355366   -0.00000000000    0.00000000000   -0.07191789046
 ROW   2     -0.00000000000    0.08696372840   -0.00000000000    0.00000000000
 ROW   3      0.00000000000   -0.00000000000    1.05745460035   -0.00000000000
 ROW   4     -0.07191789046    0.00000000000   -0.00000000000    0.21711160265
 ROW   5      0.00000000000   -0.12298414600    0.00000000000   -0.00000000000
 ROW   6     -0.00000000000    0.00000000000   -0.96258614408    0.00000000000
 ROW   7      0.02380216840    0.00000000000   -0.00000000000   -0.07259685610
 ROW   8      0.00000000000    0.01801020880    0.01782781315    0.00000000000
 ROW   9     -0.00000000000    0.04354729810   -0.04743422808   -0.00000000000
 ROW  10      0.02380216840   -0.00000000000   -0.00000000000   -0.07259685610
 ROW  11     -0.00000000000    0.01801020880   -0.01782781315    0.00000000000
 ROW  12     -0.00000000000   -0.04354729810   -0.04743422808    0.00000000000

                 COLUMN   5       COLUMN   6       COLUMN   7       COLUMN   8
 ROW   1      0.00000000000   -0.00000000000    0.02380216840    0.00000000000
 ROW   2     -0.12298414600    0.00000000000    0.00000000000    0.01801020879
 ROW   3      0.00000000000   -0.96258614408   -0.00000000000    0.01782781315
 ROW   4     -0.00000000000    0.00000000000   -0.07259685610    0.00000000000
 ROW   5      0.65795306353   -0.00000000000    0.00000000000   -0.26748445881
 ROW   6     -0.00000000000    1.18801290060   -0.00000000000    0.08878297871
 ROW   7      0.00000000000   -0.00000000000    0.02426195149   -0.00000000000
 ROW   8     -0.26748445882    0.08878297871   -0.00000000000    0.27084528693
 ROW   9      0.09043088395   -0.11271337831    0.00000000000   -0.12029448690
 ROW  10      0.00000000000    0.00000000000    0.02453273631    0.00000000000
 ROW  11     -0.26748445882   -0.08878297871    0.00000000000   -0.02137103692
 ROW  12     -0.09043088395   -0.11271337831   -0.00000000000    0.01368369504

                 COLUMN   9       COLUMN  10       COLUMN  11       COLUMN  12
 ROW   1     -0.00000000000    0.02380216840   -0.00000000000   -0.00000000000
 ROW   2      0.04354729810   -0.00000000000    0.01801020879   -0.04354729810
 ROW   3     -0.04743422808   -0.00000000000   -0.01782781315   -0.04743422808
 ROW   4     -0.00000000000   -0.07259685610    0.00000000000    0.00000000000
 ROW   5      0.09043088395    0.00000000000   -0.26748445881   -0.09043088395
 ROW   6     -0.11271337831    0.00000000000   -0.08878297871   -0.11271337831
 ROW   7      0.00000000000    0.02453273631    0.00000000000   -0.00000000000
 ROW   8     -0.12029448690    0.00000000000   -0.02137103692    0.01368369504
 ROW   9      0.14992889914    0.00000000000   -0.01368369504    0.01021870725
 ROW  10      0.00000000000    0.02426195149   -0.00000000000   -0.00000000000
 ROW  11     -0.01368369504   -0.00000000000    0.27084528693    0.12029448690
 ROW  12      0.01021870725   -0.00000000000    0.12029448690    0.14992889914
 @CHECKOUT-I, Total execution time (CPU/WALL):        0.01/       0.02 seconds.
 @GETMEM-I,  Allocated    4768 MB of main memory.
  Data from point                      6
  Force constant matrix before transformation 

                 COLUMN   1       COLUMN   2       COLUMN   3       COLUMN   4
 ROW   1      0.02276843291    0.00000000000    0.00000000000   -0.07086217218
 ROW   2      0.00000000000    0.08658978168    0.00000000000    0.00000000000
 ROW   3      0.00000000000    0.00000000000    1.06605818925    0.00000000000
 ROW   4     -0.07086217218    0.00000000000    0.00000000000    0.21585830580
 ROW   5      0.00000000000   -0.12233246167    0.00000000000    0.00000000000
 ROW   6      0.00000000000    0.00000000000   -0.96981472287    0.00000000000
 ROW   7      0.02404686963    0.00000000000    0.00000000000   -0.07249806676
 ROW   8      0.00000000000    0.01787134000    0.01807045563    0.00000000000
 ROW   9      0.00000000000    0.04421308779   -0.04812173319    0.00000000000
 ROW  10      0.02404686963    0.00000000000    0.00000000000   -0.07249806676
 ROW  11      0.00000000000    0.01787134000   -0.01807045563    0.00000000000
 ROW  12      0.00000000000   -0.04421308779   -0.04812173319    0.00000000000

                 COLUMN   5       COLUMN   6       COLUMN   7       COLUMN   8
 ROW   1      0.00000000000    0.00000000000    0.02404686963    0.00000000000
 ROW   2     -0.12233246167    0.00000000000    0.00000000000    0.01787133999
 ROW   3      0.00000000000   -0.96981472287    0.00000000000    0.01807045563
 ROW   4      0.00000000000    0.00000000000   -0.07249806676    0.00000000000
 ROW   5      0.66200354348    0.00000000000    0.00000000000   -0.26983554085
 ROW   6      0.00000000000    1.19188544866    0.00000000000    0.08850659008
 ROW   7      0.00000000000    0.00000000000    0.02436074065    0.00000000000
 ROW   8     -0.26983554085    0.08850659008    0.00000000000    0.27237538281
 ROW   9      0.08950174061   -0.11103536290    0.00000000000   -0.12014593711
 ROW  10      0.00000000000    0.00000000000    0.02409045648    0.00000000000
 ROW  11     -0.26983554085   -0.08850659008    0.00000000000   -0.02041118195
 ROW  12     -0.08950174061   -0.11103536290    0.00000000000    0.01356889130

                 COLUMN   9       COLUMN  10       COLUMN  11       COLUMN  12
 ROW   1      0.00000000000    0.02404686963    0.00000000000    0.00000000000
 ROW   2      0.04421308779    0.00000000000    0.01787133999   -0.04421308779
 ROW   3     -0.04812173319    0.00000000000   -0.01807045563   -0.04812173319
 ROW   4      0.00000000000   -0.07249806676    0.00000000000    0.00000000000
 ROW   5      0.08950174061    0.00000000000   -0.26983554085   -0.08950174061
 ROW   6     -0.11103536290    0.00000000000   -0.08850659008   -0.11103536290
 ROW   7      0.00000000000    0.02409045648    0.00000000000    0.00000000000
 ROW   8     -0.12014593711    0.00000000000   -0.02041118195    0.01356889130
 ROW   9      0.14905583964    0.00000000000   -0.01356889130    0.01010125645
 ROW  10      0.00000000000    0.02436074065    0.00000000000    0.00000000000
 ROW  11     -0.01356889130    0.00000000000    0.27237538281    0.12014593711
 ROW  12      0.01010125645    0.00000000000    0.12014593711    0.14905583964
  Transformation matrix 

                 COLUMN   1       COLUMN   2       COLUMN   3
 ROW   1      1.00000000000    0.00000000000   -0.00000000000
 ROW   2      0.00000000000   -1.00000000000   -0.00000000000
 ROW   3     -0.00000000000    0.00000000000   -1.00000000000
  Force constant matrix after transformation 

                 COLUMN   1       COLUMN   2       COLUMN   3       COLUMN   4
 ROW   1      0.02276843291   -0.00000000000    0.00000000000   -0.07086217218
 ROW   2     -0.00000000000    0.08658978168    0.00000000000    0.00000000000
 ROW   3      0.00000000000    0.00000000000    1.06605818925   -0.00000000000
 ROW   4     -0.07086217218    0.00000000000   -0.00000000000    0.21585830580
 ROW   5      0.00000000000   -0.12233246167   -0.00000000000   -0.00000000000
 ROW   6     -0.00000000000   -0.00000000000   -0.96981472287    0.00000000000
 ROW   7      0.02404686963    0.00000000000   -0.00000000000   -0.07249806676
 ROW   8      0.00000000000    0.01787134000    0.01807045563    0.00000000000
 ROW   9     -0.00000000000    0.04421308779   -0.04812173319   -0.00000000000
 ROW  10      0.02404686963   -0.00000000000   -0.00000000000   -0.07249806676
 ROW  11     -0.00000000000    0.01787134000   -0.01807045563    0.00000000000
 ROW  12     -0.00000000000   -0.04421308779   -0.04812173319    0.00000000000

                 COLUMN   5       COLUMN   6       COLUMN   7       COLUMN   8
 ROW   1      0.00000000000   -0.00000000000    0.02404686963    0.00000000000
 ROW   2     -0.12233246167   -0.00000000000    0.00000000000    0.01787133999
 ROW   3     -0.00000000000   -0.96981472287   -0.00000000000    0.01807045563
 ROW   4     -0.00000000000    0.00000000000   -0.07249806676    0.00000000000
 ROW   5      0.66200354348    0.00000000000    0.00000000000   -0.26983554085
 ROW   6      0.00000000000    1.19188544866   -0.00000000000    0.08850659008
 ROW   7      0.00000000000   -0.00000000000    0.02436074065   -0.00000000000
 ROW   8     -0.26983554085    0.08850659008   -0.00000000000    0.27237538281
 ROW   9      0.08950174061   -0.11103536290    0.00000000000   -0.12014593711
 ROW  10      0.00000000000    0.00000000000    0.02409045648    0.00000000000
 ROW  11     -0.26983554085   -0.08850659008    0.00000000000   -0.02041118195
 ROW  12     -0.08950174061   -0.11103536290   -0.00000000000    0.01356889130

                 COLUMN   9       COLUMN  10       COLUMN  11       COLUMN  12
 ROW   1     -0.00000000000    0.02404686963   -0.00000000000   -0.00000000000
 ROW   2      0.04421308779   -0.00000000000    0.01787133999   -0.04421308779
 ROW   3     -0.04812173319   -0.00000000000   -0.01807045563   -0.04812173319
 ROW   4     -0.00000000000   -0.07249806676    0.00000000000    0.00000000000
 ROW   5      0.08950174061    0.00000000000   -0.26983554085   -0.08950174061
 ROW   6     -0.11103536290    0.00000000000   -0.08850659008   -0.11103536290
 ROW   7      0.00000000000    0.02409045648    0.00000000000   -0.00000000000
 ROW   8     -0.12014593711    0.00000000000   -0.02041118195    0.01356889130
 ROW   9      0.14905583964    0.00000000000   -0.01356889130    0.01010125645
 ROW  10      0.00000000000    0.02436074065   -0.00000000000   -0.00000000000
 ROW  11     -0.01356889130   -0.00000000000    0.27237538281    0.12014593711
 ROW  12      0.01010125645   -0.00000000000    0.12014593711    0.14905583964
 @CHECKOUT-I, Total execution time (CPU/WALL):        0.01/       0.02 seconds.
 @GETMEM-I,  Allocated    4768 MB of main memory.
  Data from point                      7
  Force constant matrix before transformation 

                 COLUMN   1       COLUMN   2       COLUMN   3       COLUMN   4
 ROW   1      0.02536445544    0.00000000000    0.00000000000   -0.07301581816
 ROW   2      0.00000000000    0.08832554631    0.00000000000    0.00000000000
 ROW   3      0.00000000000    0.00000000000    1.04599764247    0.00000000000
 ROW   4     -0.07301581816    0.00000000000    0.00000000000    0.21780625605
 ROW   5      0.00000000000   -0.12405596256    0.00000000000    0.00000000000
 ROW   6      0.00000000000    0.00000000000   -0.95098045361    0.00000000000
 ROW   7      0.02382568136    0.00000000000    0.00000000000   -0.07239521900
 ROW   8      0.00000000000    0.01786520817    0.01771650288    0.00000000000
 ROW   9      0.00000000000    0.04371388889   -0.04750859448    0.00000000000
 ROW  10      0.02382568136    0.00000000000    0.00000000000   -0.07239521900
 ROW  11      0.00000000000    0.01786520817   -0.01771650288    0.00000000000
 ROW  12      0.00000000000   -0.04371388889   -0.04750859448    0.00000000000

                 COLUMN   5       COLUMN   6       COLUMN   7       COLUMN   8
 ROW   1      0.00000000000    0.00000000000    0.02382568135    0.00000000000
 ROW   2     -0.12405596256    0.00000000000    0.00000000000    0.01786520817
 ROW   3      0.00000000000   -0.95098045361    0.00000000000    0.01771650288
 ROW   4      0.00000000000    0.00000000000   -0.07239521900    0.00000000000
 ROW   5      0.66284006258    0.00000000000    0.00000000000   -0.26939205000
 ROW   6      0.00000000000    1.17453439848    0.00000000000    0.08888783554
 ROW   7      0.00000000000    0.00000000000    0.02437072271    0.00000000000
 ROW   8     -0.26939205001    0.08888783553    0.00000000000    0.27212530421
 ROW   9      0.09011933623   -0.11177697248    0.00000000000   -0.12021878182
 ROW  10      0.00000000000    0.00000000000    0.02419881483    0.00000000000
 ROW  11     -0.26939205001   -0.08888783553    0.00000000000   -0.02059846237
 ROW  12     -0.09011933623   -0.11177697248    0.00000000000    0.01361444340

                 COLUMN   9       COLUMN  10       COLUMN  11       COLUMN  12
 ROW   1      0.00000000000    0.02382568135    0.00000000000    0.00000000000
 ROW   2      0.04371388889    0.00000000000    0.01786520817   -0.04371388889
 ROW   3     -0.04750859448    0.00000000000   -0.01771650288   -0.04750859448
 ROW   4      0.00000000000   -0.07239521900    0.00000000000    0.00000000000
 ROW   5      0.09011933622    0.00000000000   -0.26939205000   -0.09011933622
 ROW   6     -0.11177697248    0.00000000000   -0.08888783554   -0.11177697248
 ROW   7      0.00000000000    0.02419881483    0.00000000000    0.00000000000
 ROW   8     -0.12021878182    0.00000000000   -0.02059846237    0.01361444340
 ROW   9      0.14913328521    0.00000000000   -0.01361444340    0.01015228176
 ROW  10      0.00000000000    0.02437072271    0.00000000000    0.00000000000
 ROW  11     -0.01361444340    0.00000000000    0.27212530421    0.12021878182
 ROW  12      0.01015228176    0.00000000000    0.12021878182    0.14913328521
  Transformation matrix 

                 COLUMN   1       COLUMN   2       COLUMN   3
 ROW   1      1.00000000000    0.00000000000   -0.00000000000
 ROW   2      0.00000000000   -1.00000000000    0.00000000000
 ROW   3     -0.00000000000    0.00000000000   -1.00000000000
  Force constant matrix after transformation 

                 COLUMN   1       COLUMN   2       COLUMN   3       COLUMN   4
 ROW   1      0.02536445544   -0.00000000000    0.00000000000   -0.07301581816
 ROW   2     -0.00000000000    0.08832554631   -0.00000000000    0.00000000000
 ROW   3      0.00000000000   -0.00000000000    1.04599764247   -0.00000000000
 ROW   4     -0.07301581816    0.00000000000   -0.00000000000    0.21780625605
 ROW   5      0.00000000000   -0.12405596256    0.00000000000   -0.00000000000
 ROW   6     -0.00000000000    0.00000000000   -0.95098045361    0.00000000000
 ROW   7      0.02382568136    0.00000000000   -0.00000000000   -0.07239521900
 ROW   8      0.00000000000    0.01786520817    0.01771650288    0.00000000000
 ROW   9     -0.00000000000    0.04371388889   -0.04750859448   -0.00000000000
 ROW  10      0.02382568136   -0.00000000000   -0.00000000000   -0.07239521900
 ROW  11     -0.00000000000    0.01786520817   -0.01771650288    0.00000000000
 ROW  12     -0.00000000000   -0.04371388889   -0.04750859448    0.00000000000

                 COLUMN   5       COLUMN   6       COLUMN   7       COLUMN   8
 ROW   1      0.00000000000   -0.00000000000    0.02382568135    0.00000000000
 ROW   2     -0.12405596256    0.00000000000    0.00000000000    0.01786520817
 ROW   3      0.00000000000   -0.95098045361   -0.00000000000    0.01771650288
 ROW   4     -0.00000000000    0.00000000000   -0.07239521900    0.00000000000
 ROW   5      0.66284006258   -0.00000000000    0.00000000000   -0.26939205000
 ROW   6     -0.00000000000    1.17453439848   -0.00000000000    0.08888783554
 ROW   7      0.00000000000   -0.00000000000    0.02437072271   -0.00000000000
 ROW   8     -0.26939205001    0.08888783553   -0.00000000000    0.27212530421
 ROW   9      0.09011933623   -0.11177697248    0.00000000000   -0.12021878182
 ROW  10      0.00000000000    0.00000000000    0.02419881483    0.00000000000
 ROW  11     -0.26939205001   -0.08888783553    0.00000000000   -0.02059846237
 ROW  12     -0.09011933623   -0.11177697248   -0.00000000000    0.01361444340

                 COLUMN   9       COLUMN  10       COLUMN  11       COLUMN  12
 ROW   1     -0.00000000000    0.02382568135   -0.00000000000   -0.00000000000
 ROW   2      0.04371388889   -0.00000000000    0.01786520817   -0.04371388889
 ROW   3     -0.04750859448   -0.00000000000   -0.01771650288   -0.04750859448
 ROW   4     -0.00000000000   -0.07239521900    0.00000000000    0.00000000000
 ROW   5      0.09011933622    0.00000000000   -0.26939205000   -0.09011933622
 ROW   6     -0.11177697248    0.00000000000   -0.08888783554   -0.11177697248
 ROW   7      0.00000000000    0.02419881483    0.00000000000   -0.00000000000
 ROW   8     -0.12021878182    0.00000000000   -0.02059846237    0.01361444340
 ROW   9      0.14913328521    0.00000000000   -0.01361444340    0.01015228176
 ROW  10      0.00000000000    0.02437072271   -0.00000000000   -0.00000000000
 ROW  11     -0.01361444340   -0.00000000000    0.27212530421    0.12021878182
 ROW  12      0.01015228176   -0.00000000000    0.12021878182    0.14913328521
 @CHECKOUT-I, Total execution time (CPU/WALL):        0.01/       0.02 seconds.
 @GETMEM-I,  Allocated    4768 MB of main memory.
  Data from point                      8
  Force constant matrix before transformation 

                 COLUMN   1       COLUMN   2       COLUMN   3       COLUMN   4
 ROW   1      0.02168483610    0.00000000000    0.00000000000   -0.06973155086
 ROW   2      0.00000000000    0.08519302686    0.00000000000    0.00000000000
 ROW   3      0.00000000000    0.00000000000    1.07772242452    0.00000000000
 ROW   4     -0.06973155085    0.00000000000    0.00000000000    0.21512774451
 ROW   5      0.00000000000   -0.12123208709    0.00000000000    0.00000000000
 ROW   6      0.00000000000    0.00000000000   -0.98162681541    0.00000000000
 ROW   7      0.02402335738    0.00000000000    0.00000000000   -0.07269809688
 ROW   8      0.00000000000    0.01801953006    0.01817851099    0.00000000000
 ROW   9      0.00000000000    0.04404661577   -0.04804780450    0.00000000000
 ROW  10      0.02402335738    0.00000000000    0.00000000000   -0.07269809688
 ROW  11      0.00000000000    0.01801953006   -0.01817851099    0.00000000000
 ROW  12      0.00000000000   -0.04404661577   -0.04804780450    0.00000000000

                 COLUMN   5       COLUMN   6       COLUMN   7       COLUMN   8
 ROW   1      0.00000000000    0.00000000000    0.02402335737    0.00000000000
 ROW   2     -0.12123208709    0.00000000000    0.00000000000    0.01801953006
 ROW   3      0.00000000000   -0.98162681541    0.00000000000    0.01817851099
 ROW   4      0.00000000000    0.00000000000   -0.07269809688    0.00000000000
 ROW   5      0.65714091303    0.00000000000    0.00000000000   -0.26795441302
 ROW   6      0.00000000000    1.20558878701    0.00000000000    0.08842088784
 ROW   7      0.00000000000    0.00000000000    0.02425111696    0.00000000000
 ROW   8     -0.26795441302    0.08842088784    0.00000000000    0.27111682329
 ROW   9      0.08983360696   -0.11198098575    0.00000000000   -0.12023981078
 ROW  10      0.00000000000    0.00000000000    0.02442362244    0.00000000000
 ROW  11     -0.26795441302   -0.08842088784    0.00000000000   -0.02118194044
 ROW  12     -0.08983360696   -0.11198098575    0.00000000000    0.01364041195

                 COLUMN   9       COLUMN  10       COLUMN  11       COLUMN  12
 ROW   1      0.00000000000    0.02402335737    0.00000000000    0.00000000000
 ROW   2      0.04404661576    0.00000000000    0.01801953006   -0.04404661576
 ROW   3     -0.04804780450    0.00000000000   -0.01817851099   -0.04804780450
 ROW   4      0.00000000000   -0.07269809688    0.00000000000    0.00000000000
 ROW   5      0.08983360696    0.00000000000   -0.26795441302   -0.08983360696
 ROW   6     -0.11198098575    0.00000000000   -0.08842088784   -0.11198098575
 ROW   7      0.00000000000    0.02442362244    0.00000000000    0.00000000000
 ROW   8     -0.12023981078    0.00000000000   -0.02118194044    0.01364041195
 ROW   9      0.14986081314    0.00000000000   -0.01364041195    0.01016797721
 ROW  10      0.00000000000    0.02425111696    0.00000000000    0.00000000000
 ROW  11     -0.01364041195    0.00000000000    0.27111682329    0.12023981078
 ROW  12      0.01016797721    0.00000000000    0.12023981078    0.14986081314
  Transformation matrix 

                 COLUMN   1       COLUMN   2       COLUMN   3
 ROW   1      1.00000000000    0.00000000000   -0.00000000000
 ROW   2      0.00000000000   -1.00000000000    0.00000000000
 ROW   3     -0.00000000000   -0.00000000000   -1.00000000000
  Force constant matrix after transformation 

                 COLUMN   1       COLUMN   2       COLUMN   3       COLUMN   4
 ROW   1      0.02168483610   -0.00000000000    0.00000000000   -0.06973155086
 ROW   2     -0.00000000000    0.08519302686   -0.00000000000    0.00000000000
 ROW   3      0.00000000000   -0.00000000000    1.07772242452   -0.00000000000
 ROW   4     -0.06973155085    0.00000000000   -0.00000000000    0.21512774451
 ROW   5      0.00000000000   -0.12123208709    0.00000000000   -0.00000000000
 ROW   6     -0.00000000000    0.00000000000   -0.98162681541    0.00000000000
 ROW   7      0.02402335738    0.00000000000   -0.00000000000   -0.07269809688
 ROW   8      0.00000000000    0.01801953006    0.01817851099    0.00000000000
 ROW   9     -0.00000000000    0.04404661577   -0.04804780450   -0.00000000000
 ROW  10      0.02402335738   -0.00000000000   -0.00000000000   -0.07269809688
 ROW  11     -0.00000000000    0.01801953006   -0.01817851099    0.00000000000
 ROW  12     -0.00000000000   -0.04404661577   -0.04804780450    0.00000000000

                 COLUMN   5       COLUMN   6       COLUMN   7       COLUMN   8
 ROW   1      0.00000000000   -0.00000000000    0.02402335737    0.00000000000
 ROW   2     -0.12123208709    0.00000000000    0.00000000000    0.01801953006
 ROW   3      0.00000000000   -0.98162681541   -0.00000000000    0.01817851099
 ROW   4     -0.00000000000    0.00000000000   -0.07269809688    0.00000000000
 ROW   5      0.65714091303   -0.00000000000    0.00000000000   -0.26795441302
 ROW   6     -0.00000000000    1.20558878701   -0.00000000000    0.08842088784
 ROW   7      0.00000000000   -0.00000000000    0.02425111696   -0.00000000000
 ROW   8     -0.26795441302    0.08842088784   -0.00000000000    0.27111682329
 ROW   9      0.08983360696   -0.11198098575    0.00000000000   -0.12023981078
 ROW  10      0.00000000000    0.00000000000    0.02442362244    0.00000000000
 ROW  11     -0.26795441302   -0.08842088784    0.00000000000   -0.02118194044
 ROW  12     -0.08983360696   -0.11198098575   -0.00000000000    0.01364041195

                 COLUMN   9       COLUMN  10       COLUMN  11       COLUMN  12
 ROW   1     -0.00000000000    0.02402335737   -0.00000000000   -0.00000000000
 ROW   2      0.04404661576   -0.00000000000    0.01801953006   -0.04404661576
 ROW   3     -0.04804780450   -0.00000000000   -0.01817851099   -0.04804780450
 ROW   4     -0.00000000000   -0.07269809688    0.00000000000    0.00000000000
 ROW   5      0.08983360696    0.00000000000   -0.26795441302   -0.08983360696
 ROW   6     -0.11198098575    0.00000000000   -0.08842088784   -0.11198098575
 ROW   7      0.00000000000    0.02442362244    0.00000000000   -0.00000000000
 ROW   8     -0.12023981078    0.00000000000   -0.02118194044    0.01364041195
 ROW   9      0.14986081314    0.00000000000   -0.01364041195    0.01016797721
 ROW  10      0.00000000000    0.02425111696   -0.00000000000   -0.00000000000
 ROW  11     -0.01364041195   -0.00000000000    0.27111682329    0.12023981078
 ROW  12      0.01016797721   -0.00000000000    0.12023981078    0.14986081314
 @CHECKOUT-I, Total execution time (CPU/WALL):        0.01/       0.02 seconds.
 @GETMEM-I,  Allocated    4768 MB of main memory.
  Data from point                      9
  Force constant matrix before transformation 

                 COLUMN   1       COLUMN   2       COLUMN   3       COLUMN   4
 ROW   1      0.02355772542    0.00000000000    0.00000000000   -0.07159691153
 ROW   2      0.00000000000    0.08683997206    0.00000000000    0.00000000000
 ROW   3      0.00000000000    0.00000000000    1.06101590277    0.00000000000
 ROW   4     -0.07159691153    0.00000000000    0.00000000000    0.21535519549
 ROW   5      0.00000000000   -0.12301240591    0.00000000000    0.00000000000
 ROW   6      0.00000000000    0.00000000000   -0.96537007114    0.00000000000
 ROW   7      0.02401959311    0.00000000000    0.00000000000   -0.07187914203
 ROW   8      0.00000000000    0.01808621692    0.01776316697    0.00000000000
 ROW   9      0.00000000000    0.04402543206   -0.04782291576    0.00000000000
 ROW  10      0.02401959311    0.00000000000    0.00000000000   -0.07187914203
 ROW  11      0.00000000000    0.01808621692   -0.01776316697    0.00000000000
 ROW  12      0.00000000000   -0.04402543206   -0.04782291576    0.00000000000

                 COLUMN   5       COLUMN   6       COLUMN   7       COLUMN   8
 ROW   1      0.00000000000    0.00000000000    0.02401959310    0.00000000000
 ROW   2     -0.12301240591    0.00000000000    0.00000000000    0.01808621692
 ROW   3      0.00000000000   -0.96537007114    0.00000000000    0.01776316697
 ROW   4      0.00000000000    0.00000000000   -0.07187914203    0.00000000000
 ROW   5      0.67116723389    0.00000000000    0.00000000000   -0.27407741399
 ROW   6      0.00000000000    1.19235627252    0.00000000000    0.09224051959
 ROW   7      0.00000000000    0.00000000000    0.02331010311    0.00000000000
 ROW   8     -0.27407741399    0.09224051958    0.00000000000    0.27699836326
 ROW   9      0.09352461312   -0.11349310069    0.00000000000   -0.12377686582
 ROW  10      0.00000000000    0.00000000000    0.02454944582    0.00000000000
 ROW  11     -0.27407741399   -0.09224051958    0.00000000000   -0.02100716620
 ROW  12     -0.09352461312   -0.11349310069    0.00000000000    0.01377317926

                 COLUMN   9       COLUMN  10       COLUMN  11       COLUMN  12
 ROW   1      0.00000000000    0.02401959310    0.00000000000    0.00000000000
 ROW   2      0.04402543206    0.00000000000    0.01808621692   -0.04402543206
 ROW   3     -0.04782291576    0.00000000000   -0.01776316697   -0.04782291576
 ROW   4      0.00000000000   -0.07187914203    0.00000000000    0.00000000000
 ROW   5      0.09352461312    0.00000000000   -0.27407741399   -0.09352461312
 ROW   6     -0.11349310069    0.00000000000   -0.09224051959   -0.11349310069
 ROW   7      0.00000000000    0.02454944582    0.00000000000    0.00000000000
 ROW   8     -0.12377686582    0.00000000000   -0.02100716620    0.01377317926
 ROW   9      0.15104239961    0.00000000000   -0.01377317926    0.01027361684
 ROW  10      0.00000000000    0.02331010311    0.00000000000    0.00000000000
 ROW  11     -0.01377317926    0.00000000000    0.27699836326    0.12377686582
 ROW  12      0.01027361684    0.00000000000    0.12377686582    0.15104239961
  Transformation matrix 

                 COLUMN   1       COLUMN   2       COLUMN   3
 ROW   1      1.00000000000    0.00000000000   -0.00000000000
 ROW   2      0.00000000000   -1.00000000000   -0.00000000000
 ROW   3     -0.00000000000    0.00000000000   -1.00000000000
  Force constant matrix after transformation 

                 COLUMN   1       COLUMN   2       COLUMN   3       COLUMN   4
 ROW   1      0.02355772542   -0.00000000000    0.00000000000   -0.07159691153
 ROW   2     -0.00000000000    0.08683997206    0.00000000000    0.00000000000
 ROW   3      0.00000000000    0.00000000000    1.06101590277   -0.00000000000
 ROW   4     -0.07159691153    0.00000000000   -0.00000000000    0.21535519549
 ROW   5      0.00000000000   -0.12301240591   -0.00000000000   -0.00000000000
 ROW   6     -0.00000000000   -0.00000000000   -0.96537007114    0.00000000000
 ROW   7      0.02401959311    0.00000000000   -0.00000000000   -0.07187914203
 ROW   8      0.00000000000    0.01808621692    0.01776316697    0.00000000000
 ROW   9     -0.00000000000    0.04402543206   -0.04782291576   -0.00000000000
 ROW  10      0.02401959311   -0.00000000000   -0.00000000000   -0.07187914203
 ROW  11     -0.00000000000    0.01808621692   -0.01776316697    0.00000000000
 ROW  12     -0.00000000000   -0.04402543206   -0.04782291576    0.00000000000

                 COLUMN   5       COLUMN   6       COLUMN   7       COLUMN   8
 ROW   1      0.00000000000   -0.00000000000    0.02401959310    0.00000000000
 ROW   2     -0.12301240591   -0.00000000000    0.00000000000    0.01808621692
 ROW   3     -0.00000000000   -0.96537007114   -0.00000000000    0.01776316697
 ROW   4     -0.00000000000    0.00000000000   -0.07187914203    0.00000000000
 ROW   5      0.67116723389    0.00000000000    0.00000000000   -0.27407741399
 ROW   6      0.00000000000    1.19235627252   -0.00000000000    0.09224051959
 ROW   7      0.00000000000   -0.00000000000    0.02331010311   -0.00000000000
 ROW   8     -0.27407741399    0.09224051958   -0.00000000000    0.27699836326
 ROW   9      0.09352461312   -0.11349310069    0.00000000000   -0.12377686582
 ROW  10      0.00000000000    0.00000000000    0.02454944582    0.00000000000
 ROW  11     -0.27407741399   -0.09224051958    0.00000000000   -0.02100716620
 ROW  12     -0.09352461312   -0.11349310069   -0.00000000000    0.01377317926

                 COLUMN   9       COLUMN  10       COLUMN  11       COLUMN  12
 ROW   1     -0.00000000000    0.02401959310   -0.00000000000   -0.00000000000
 ROW   2      0.04402543206   -0.00000000000    0.01808621692   -0.04402543206
 ROW   3     -0.04782291576   -0.00000000000   -0.01776316697   -0.04782291576
 ROW   4     -0.00000000000   -0.07187914203    0.00000000000    0.00000000000
 ROW   5      0.09352461312    0.00000000000   -0.27407741399   -0.09352461312
 ROW   6     -0.11349310069    0.00000000000   -0.09224051959   -0.11349310069
 ROW   7      0.00000000000    0.02454944582    0.00000000000   -0.00000000000
 ROW   8     -0.12377686582    0.00000000000   -0.02100716620    0.01377317926
 ROW   9      0.15104239961    0.00000000000   -0.01377317926    0.01027361684
 ROW  10      0.00000000000    0.02331010311   -0.00000000000   -0.00000000000
 ROW  11     -0.01377317926   -0.00000000000    0.27699836326    0.12377686582
 ROW  12      0.01027361684   -0.00000000000    0.12377686582    0.15104239961
 @CHECKOUT-I, Total execution time (CPU/WALL):        0.01/       0.02 seconds.
 @GETMEM-I,  Allocated    4768 MB of main memory.
  Data from point                     10
  Force constant matrix before transformation 

                 COLUMN   1       COLUMN   2       COLUMN   3       COLUMN   4
 ROW   1      0.02353040983    0.00000000000    0.00000000000   -0.07118924854
 ROW   2      0.00000000000    0.08671594903    0.00000000000    0.00000000000
 ROW   3      0.00000000000    0.00000000000    1.06249038419    0.00000000000
 ROW   4     -0.07118924854    0.00000000000    0.00000000000    0.21756070903
 ROW   5      0.00000000000   -0.12231564216    0.00000000000    0.00000000000
 ROW   6      0.00000000000    0.00000000000   -0.96702869391    0.00000000000
 ROW   7      0.02382941936    0.00000000000    0.00000000000   -0.07318573019
 ROW   8      0.00000000000    0.01779984662    0.01812817090    0.00000000000
 ROW   9      0.00000000000    0.04373474271   -0.04773084519    0.00000000000
 ROW  10      0.02382941936    0.00000000000    0.00000000000   -0.07318573019
 ROW  11      0.00000000000    0.01779984662   -0.01812817090    0.00000000000
 ROW  12      0.00000000000   -0.04373474271   -0.04773084519    0.00000000000

                 COLUMN   5       COLUMN   6       COLUMN   7       COLUMN   8
 ROW   1      0.00000000000    0.00000000000    0.02382941935    0.00000000000
 ROW   2     -0.12231564216    0.00000000000    0.00000000000    0.01779984661
 ROW   3      0.00000000000   -0.96702869391    0.00000000000    0.01812817090
 ROW   4      0.00000000000    0.00000000000   -0.07318573019    0.00000000000
 ROW   5      0.64907073585    0.00000000000    0.00000000000   -0.26337754689
 ROW   6      0.00000000000    1.18760668196    0.00000000000    0.08514860530
 ROW   7      0.00000000000    0.00000000000    0.02528075891    0.00000000000
 ROW   8     -0.26337754689    0.08514860530    0.00000000000    0.26634810983
 ROW   9      0.08651240438   -0.11028899407    0.00000000000   -0.11676196169
 ROW  10      0.00000000000    0.00000000000    0.02407555193    0.00000000000
 ROW  11     -0.26337754689   -0.08514860530    0.00000000000   -0.02077040955
 ROW  12     -0.08651240438   -0.11028899407    0.00000000000    0.01348518539

                 COLUMN   9       COLUMN  10       COLUMN  11       COLUMN  12
 ROW   1      0.00000000000    0.02382941935    0.00000000000    0.00000000000
 ROW   2      0.04373474271    0.00000000000    0.01779984661   -0.04373474271
 ROW   3     -0.04773084519    0.00000000000   -0.01812817090   -0.04773084519
 ROW   4      0.00000000000   -0.07318573019    0.00000000000    0.00000000000
 ROW   5      0.08651240438    0.00000000000   -0.26337754689   -0.08651240438
 ROW   6     -0.11028899408    0.00000000000   -0.08514860530   -0.11028899408
 ROW   7      0.00000000000    0.02407555193    0.00000000000    0.00000000000
 ROW   8     -0.11676196169    0.00000000000   -0.02077040955    0.01348518539
 ROW   9      0.14797204966    0.00000000000   -0.01348518539    0.01004778950
 ROW  10      0.00000000000    0.02528075891    0.00000000000    0.00000000000
 ROW  11     -0.01348518539    0.00000000000    0.26634810983    0.11676196169
 ROW  12      0.01004778950    0.00000000000    0.11676196169    0.14797204966
  Transformation matrix 

                 COLUMN   1       COLUMN   2       COLUMN   3
 ROW   1      1.00000000000    0.00000000000   -0.00000000000
 ROW   2      0.00000000000   -1.00000000000    0.00000000000
 ROW   3     -0.00000000000   -0.00000000000   -1.00000000000
  Force constant matrix after transformation 

                 COLUMN   1       COLUMN   2       COLUMN   3       COLUMN   4
 ROW   1      0.02353040983   -0.00000000000    0.00000000000   -0.07118924854
 ROW   2     -0.00000000000    0.08671594903   -0.00000000000    0.00000000000
 ROW   3      0.00000000000   -0.00000000000    1.06249038419   -0.00000000000
 ROW   4     -0.07118924854    0.00000000000   -0.00000000000    0.21756070903
 ROW   5      0.00000000000   -0.12231564216    0.00000000000   -0.00000000000
 ROW   6     -0.00000000000    0.00000000000   -0.96702869391    0.00000000000
 ROW   7      0.02382941936    0.00000000000   -0.00000000000   -0.07318573019
 ROW   8      0.00000000000    0.01779984662    0.01812817090    0.00000000000
 ROW   9     -0.00000000000    0.04373474271   -0.04773084519   -0.00000000000
 ROW  10      0.02382941936   -0.00000000000   -0.00000000000   -0.07318573019
 ROW  11     -0.00000000000    0.01779984662   -0.01812817090    0.00000000000
 ROW  12     -0.00000000000   -0.04373474271   -0.04773084519    0.00000000000

                 COLUMN   5       COLUMN   6       COLUMN   7       COLUMN   8
 ROW   1      0.00000000000   -0.00000000000    0.02382941935    0.00000000000
 ROW   2     -0.12231564216    0.00000000000    0.00000000000    0.01779984661
 ROW   3      0.00000000000   -0.96702869391   -0.00000000000    0.01812817090
 ROW   4     -0.00000000000    0.00000000000   -0.07318573019    0.00000000000
 ROW   5      0.64907073585   -0.00000000000    0.00000000000   -0.26337754689
 ROW   6     -0.00000000000    1.18760668196   -0.00000000000    0.08514860530
 ROW   7      0.00000000000   -0.00000000000    0.02528075891   -0.00000000000
 ROW   8     -0.26337754689    0.08514860530   -0.00000000000    0.26634810983
 ROW   9      0.08651240438   -0.11028899407    0.00000000000   -0.11676196169
 ROW  10      0.00000000000    0.00000000000    0.02407555193    0.00000000000
 ROW  11     -0.26337754689   -0.08514860530    0.00000000000   -0.02077040955
 ROW  12     -0.08651240438   -0.11028899407   -0.00000000000    0.01348518539

                 COLUMN   9       COLUMN  10       COLUMN  11       COLUMN  12
 ROW   1     -0.00000000000    0.02382941935   -0.00000000000   -0.00000000000
 ROW   2      0.04373474271   -0.00000000000    0.01779984661   -0.04373474271
 ROW   3     -0.04773084519   -0.00000000000   -0.01812817090   -0.04773084519
 ROW   4     -0.00000000000   -0.07318573019    0.00000000000    0.00000000000
 ROW   5      0.08651240438    0.00000000000   -0.26337754689   -0.08651240438
 ROW   6     -0.11028899408    0.00000000000   -0.08514860530   -0.11028899408
 ROW   7      0.00000000000    0.02407555193    0.00000000000   -0.00000000000
 ROW   8     -0.11676196169    0.00000000000   -0.02077040955    0.01348518539
 ROW   9      0.14797204966    0.00000000000   -0.01348518539    0.01004778950
 ROW  10      0.00000000000    0.02528075891   -0.00000000000   -0.00000000000
 ROW  11     -0.01348518539   -0.00000000000    0.26634810983    0.11676196169
 ROW  12      0.01004778950   -0.00000000000    0.11676196169    0.14797204966
 @CHECKOUT-I, Total execution time (CPU/WALL):        0.01/       0.02 seconds.
 @GETMEM-I,  Allocated    4768 MB of main memory.
  Data from point                     11
  Force constant matrix before transformation 

                 COLUMN   1       COLUMN   2       COLUMN   3       COLUMN   4
 ROW   1      1.06174590125   -0.00123160583    0.00000000000   -0.96619031485
 ROW   2     -0.00123160583    0.08678028933    0.00000000000    0.00093601088
 ROW   3      0.00000000000    0.00000000000    0.02354514904    0.00000000000
 ROW   4     -0.96619031487    0.00093601088    0.00000000000    1.18996573554
 ROW   5      0.00192072678   -0.12266665722    0.00000000000   -0.00943060663
 ROW   6      0.00000000000    0.00000000000   -0.07139434294    0.00000000000
 ROW   7     -0.04780671527   -0.04373212611    0.00000000000   -0.11024353799
 ROW   8     -0.01828977482    0.01786393969    0.00000000000   -0.08445224189
 ROW   9      0.00000000000    0.00000000000    0.02383345550    0.00000000000
 ROW  10     -0.04774887111    0.04402772106    0.00000000000   -0.11353188280
 ROW  11      0.01760065387    0.01802242820    0.00000000000    0.09294683773
 ROW  12      0.00000000000    0.00000000000    0.02401573829    0.00000000000

                 COLUMN   5       COLUMN   6       COLUMN   7       COLUMN   8
 ROW   1      0.00192072678    0.00000000000   -0.04780671527   -0.01828977482
 ROW   2     -0.12266665723    0.00000000000   -0.04373212611    0.01786393970
 ROW   3      0.00000000000   -0.07139434293    0.00000000000    0.00000000000
 ROW   4     -0.00943060663    0.00000000000   -0.11024353799   -0.08445224189
 ROW   5      0.66012968813    0.00000000000   -0.08626666497   -0.26337887494
 ROW   6      0.00000000000    0.21645415632    0.00000000000    0.00000000000
 ROW   7     -0.08626666497    0.00000000000    0.14789146937    0.11656939548
 ROW   8     -0.26337887494    0.00000000000    0.11656939548    0.26640328378
 ROW   9      0.00000000000   -0.07344221175    0.00000000000    0.00000000000
 ROW  10      0.09377654482    0.00000000000    0.01015878389   -0.01382737867
 ROW  11     -0.27408415587    0.00000000000    0.01342939560   -0.02088834854
 ROW  12      0.00000000000   -0.07161760164    0.00000000000    0.00000000000

                 COLUMN   9       COLUMN  10       COLUMN  11       COLUMN  12
 ROW   1      0.00000000000   -0.04774887112    0.01760065388    0.00000000000
 ROW   2      0.00000000000    0.04402772106    0.01802242821    0.00000000000
 ROW   3      0.02383345550    0.00000000000    0.00000000000    0.02401573830
 ROW   4      0.00000000000   -0.11353188279    0.09294683773    0.00000000000
 ROW   5      0.00000000000    0.09377654482   -0.27408415587    0.00000000000
 ROW   6     -0.07344221177    0.00000000000    0.00000000000   -0.07161760162
 ROW   7      0.00000000000    0.01015878389    0.01342939560    0.00000000000
 ROW   8      0.00000000000   -0.01382737867   -0.02088834854    0.00000000000
 ROW   9      0.02529782314    0.00000000000    0.00000000000    0.02431093312
 ROW  10      0.00000000000    0.15112197002   -0.12397688720    0.00000000000
 ROW  11      0.00000000000   -0.12397688720    0.27695007630    0.00000000000
 ROW  12      0.02431093312    0.00000000000    0.00000000000    0.02329093019
  Transformation matrix 

                 COLUMN   1       COLUMN   2       COLUMN   3
 ROW   1      0.00000000000   -0.00000000000    1.00000000000
 ROW   2     -0.00063336618   -0.99999979942   -0.00000000000
 ROW   3      0.99999979942   -0.00063336618   -0.00000000000
  Force constant matrix after transformation 

                 COLUMN   1       COLUMN   2       COLUMN   3       COLUMN   4
 ROW   1      0.02354514904    0.00000000000    0.00000000000   -0.07139434293
 ROW   2      0.00000000000    0.08677912033    0.00061409472   -0.00000000000
 ROW   3      0.00000000000    0.00061409472    1.06174707025   -0.00000000000
 ROW   4     -0.07139434294   -0.00000000000   -0.00000000000    0.21645415632
 ROW   5     -0.00000000000   -0.12266518624   -0.00138646638    0.00000000000
 ROW   6     -0.00000000000   -0.00040175048   -0.96619178585    0.00000000000
 ROW   7      0.02383345550    0.00000000000   -0.00000000000   -0.07344221175
 ROW   8      0.00000000000    0.01782463078    0.01833134350   -0.00000000000
 ROW   9      0.00000000000    0.04377369480   -0.04776740636    0.00000000000
 ROW  10      0.02401573829   -0.00000000000   -0.00000000000   -0.07161760164
 ROW  11     -0.00000000000    0.01806143514   -0.01755897184   -0.00000000000
 ROW  12     -0.00000000000   -0.04398603903   -0.04778787805   -0.00000000000

                 COLUMN   5       COLUMN   6       COLUMN   7       COLUMN   8
 ROW   1     -0.00000000000   -0.00000000000    0.02383345550    0.00000000000
 ROW   2     -0.12266518625   -0.00040175048    0.00000000000    0.01782463079
 ROW   3     -0.00138646638   -0.96619178583   -0.00000000000    0.01833134350
 ROW   4      0.00000000000    0.00000000000   -0.07344221177   -0.00000000000
 ROW   5      0.66011795463    0.00909501889   -0.00000000000   -0.26348694107
 ROW   6      0.00909501889    1.18997746904    0.00000000000    0.08435518268
 ROW   7     -0.00000000000    0.00000000000    0.02529782314    0.00000000000
 ROW   8     -0.26348694107    0.08435518268    0.00000000000    0.26655089844
 ROW   9      0.08616960576   -0.11013547186   -0.00000000000   -0.11649424060
 ROW  10     -0.00000000000   -0.00000000000    0.02431093312   -0.00000000000
 ROW  11     -0.27396582721   -0.09304845119   -0.00000000000   -0.02088858815
 ROW  12     -0.09387815828   -0.11365021146    0.00000000000    0.01380771432

                 COLUMN   9       COLUMN  10       COLUMN  11       COLUMN  12
 ROW   1      0.00000000000    0.02401573830   -0.00000000000   -0.00000000000
 ROW   2      0.04377369479   -0.00000000000    0.01806143514   -0.04398603903
 ROW   3     -0.04776740636   -0.00000000000   -0.01755897185   -0.04778787805
 ROW   4      0.00000000000   -0.07161760162   -0.00000000000   -0.00000000000
 ROW   5      0.08616960576   -0.00000000000   -0.27396582721   -0.09387815828
 ROW   6     -0.11013547186   -0.00000000000   -0.09304845118   -0.11365021145
 ROW   7     -0.00000000000    0.02431093312   -0.00000000000    0.00000000000
 ROW   8     -0.11649424060   -0.00000000000   -0.02088858815    0.01380771432
 ROW   9      0.14774385471   -0.00000000000   -0.01344905996    0.01015902350
 ROW  10     -0.00000000000    0.02329093019    0.00000000000    0.00000000000
 ROW  11     -0.01344905996    0.00000000000    0.27679298032    0.12405648299
 ROW  12      0.01015902350    0.00000000000    0.12405648299    0.15127906600
  @SETGEOM-I, Using symmetry to generate FCM for negative direction
              along normal coordinate  12.
 
 
 
********************************************************************************
        PARAMETERS RELEVANT TO MOLECULAR STRUCTURE 
********************************************************************************
 
  Cartesian coordinates for reference structure 
       -0.0000000000        0.0000000000        1.1117422828
       -0.0000000000        0.0000000000       -1.1114224683
       -0.0000000000        1.7509961438       -2.2053199362
        0.0000000000       -1.7509961438       -2.2053199362
  Normal coordinates for reference point 
  Normal coordinate                      1
        0.0000000112        0.1824800898        0.0002114518
        0.0000000112        0.1826037129        0.0002114518
        0.0000000112        0.1826645411        0.0003088191
        0.0000000113        0.1826645411        0.0001140845
  Normal coordinate                      2
        0.0000000284        0.0002114377       -0.1825419245
        0.0000000285        0.0002114658       -0.1825419245
        0.0000000287        0.0002114797       -0.1825419023
        0.0000000283        0.0002114797       -0.1825419466
  Normal coordinate                      3
        0.1826102267       -0.0000000112        0.0000000285
        0.1824738563       -0.0000000113        0.0000000285
        0.1824067557       -0.0000000113        0.0000000284
        0.1824067557       -0.0000000113        0.0000000285
  Normal coordinate                      4
        0.1667789001       -0.0000000002       -0.0000000000
       -0.1668801271        0.0000000002       -0.0000000000
       -0.3310553531        0.0000000005        0.0000000003
       -0.3310553531        0.0000000005       -0.0000000004
  Normal coordinate                      5
        0.0000000002        0.1563994965        0.0000000672
       -0.0000000003       -0.1562101646        0.0000000672
       -0.0000000004       -0.3100281395       -0.2462155762
       -0.0000000005       -0.3100281395        0.2462157106
  Normal coordinate                      6
        0.0000000000        0.0000000000        0.0000000000
        0.0000000000        0.0000000000        0.0000000000
        0.7043563448        0.0000000000        0.0000000001
       -0.7043563447        0.0000000000        0.0000000000
  Normal coordinate                      7
        0.0368534207       -0.0000000000       -0.0000000000
       -0.1489551888        0.0000000000        0.0000000000
        0.5943466909       -0.0000000000       -0.0000000000
        0.5943466909        0.0000000000       -0.0000000000
  Normal coordinate                      8
        0.0000000000        0.0689927799       -0.0000000000
       -0.0000000000       -0.1285945136        0.0000000000
        0.0000000000        0.2180936789        0.5588664635
        0.0000000000        0.2180936789       -0.5588664635
  Normal coordinate                      9
       -0.0000000000       -0.0000000000        0.0731542782
        0.0000000000        0.0000000000        0.0004364596
       -0.0000000000       -0.3371049999       -0.5831041647
       -0.0000000000        0.3371049999       -0.5831041647
  Normal coordinate                     10
        0.0000000000        0.0000000000        0.1544231137
       -0.0000000000       -0.0000000000       -0.2158075313
        0.0000000000        0.1615319558        0.0593882128
        0.0000000000       -0.1615319558        0.0593882128
  Normal coordinate                     11
        0.0000000000       -0.0000000000        0.0004750485
       -0.0000000000        0.0000000000       -0.0586400321
        0.0000000000       -0.5969803235        0.3453387246
        0.0000000000        0.5969803235        0.3453387246
  Normal coordinate                     12
       -0.0000000000        0.0001923817        0.0000000000
        0.0000000000       -0.0951367868       -0.0000000000
       -0.0000000000        0.5648620903       -0.3509472664
       -0.0000000000        0.5648620903        0.3509472664
  Force Field from Numerical Differentiation of Analytic Second Derivatives
  ---------------------------------------------------------------------------
  Coriolis Zeta matrix for IXYZ=                     1 :
    2    1        0.0000000000
    3    1        0.0000000000
    3    2        0.0000000000
    4    1        0.0000000000
    4    2        0.0000000000
    4    3        0.0000000000
    5    1        0.0000000000
    5    2        0.0000000000
    5    3        0.0000000000
    5    4        0.0000000000
    6    1        0.0000000000
    6    2        0.0000000000
    6    3        0.0000000000
    6    4        0.0000000000
    6    5        0.0000000000
    7    1        0.0000000000
    7    2        0.0000000000
    7    3        0.0000000000
    7    4        0.0000000000
    7    5        0.0000000000
    7    6        0.0000000000
    8    1        0.0000000000
    8    2        0.0000000000
    8    3        0.0000000000
    8    4        0.0000000000
    8    5        0.0000000000
    8    6        0.0000000000
    8    7       -0.0000000000
    9    1        0.0000000000
    9    2        0.0000000000
    9    3        0.0000000000
    9    4        0.0000000000
    9    5        0.0000000000
    9    6        0.0000000000
    9    7        0.0000000000
    9    8       -0.2034635642
   10    1        0.0000000000
   10    2        0.0000000000
   10    3        0.0000000000
   10    4        0.0000000000
   10    5        0.0000000000
   10    6        0.0000000000
   10    7        0.0000000000
   10    8       -0.3475757703
   10    9        0.0000000000
   11    1        0.0000000000
   11    2        0.0000000000
   11    3        0.0000000000
   11    4        0.0000000000
   11    5        0.0000000000
   11    6        0.0000000000
   11    7        0.0000000000
   11    8       -0.9153106915
   11    9        0.0000000000
   11   10       -0.0000000000
   12    1        0.0000000000
   12    2        0.0000000000
   12    3        0.0000000000
   12    4        0.0000000000
   12    5        0.0000000000
   12    6        0.0000000000
   12    7       -0.0000000000
   12    8       -0.0000000000
   12    9       -0.9026384220
   12   10        0.4287328873
   12   11        0.0378416502
  CHECKSUM    4.00000000000000     
  Coriolis Zeta matrix for IXYZ=                     2 :
    2    1        0.0000000000
    3    1        0.0000000000
    3    2        0.0000000000
    4    1        0.0000000000
    4    2        0.0000000000
    4    3        0.0000000000
    5    1        0.0000000000
    5    2        0.0000000000
    5    3        0.0000000000
    5    4        0.0000000000
    6    1        0.0000000000
    6    2        0.0000000000
    6    3        0.0000000000
    6    4        0.0000000000
    6    5        0.0000000000
    7    1        0.0000000000
    7    2        0.0000000000
    7    3        0.0000000000
    7    4        0.0000000000
    7    5        0.0000000000
    7    6        0.0000000000
    8    1        0.0000000000
    8    2        0.0000000000
    8    3        0.0000000000
    8    4        0.0000000000
    8    5        0.0000000000
    8    6        0.0000000000
    8    7       -0.0000000000
    9    1        0.0000000000
    9    2        0.0000000000
    9    3        0.0000000000
    9    4        0.0000000000
    9    5        0.0000000000
    9    6        0.0000000000
    9    7       -0.6562139431
    9    8       -0.0000000000
   10    1        0.0000000000
   10    2        0.0000000000
   10    3        0.0000000000
   10    4        0.0000000000
   10    5        0.0000000000
   10    6        0.0000000000
   10    7        0.5479219764
   10    8        0.0000000000
   10    9        0.0000000000
   11    1        0.0000000000
   11    2        0.0000000000
   11    3        0.0000000000
   11    4        0.0000000000
   11    5        0.0000000000
   11    6        0.0000000000
   11    7        0.5188109180
   11    8        0.0000000000
   11    9       -0.0000000000
   11   10        0.0000000000
   12    1        0.0000000000
   12    2        0.0000000000
   12    3        0.0000000000
   12    4        0.0000000000
   12    5        0.0000000000
   12    6        0.0000000000
   12    7       -0.0000000000
   12    8       -0.0000000000
   12    9       -0.0000000000
   12   10        0.0000000000
   12   11        0.0000000000
  CHECKSUM    2.00000000000000     
  Coriolis Zeta matrix for IXYZ=                     3 :
    2    1        0.0000000000
    3    1        0.0000000000
    3    2        0.0000000000
    4    1        0.0000000000
    4    2        0.0000000000
    4    3        0.0000000000
    5    1        0.0000000000
    5    2        0.0000000000
    5    3        0.0000000000
    5    4        0.0000000000
    6    1        0.0000000000
    6    2        0.0000000000
    6    3        0.0000000000
    6    4        0.0000000000
    6    5        0.0000000000
    7    1        0.0000000000
    7    2        0.0000000000
    7    3        0.0000000000
    7    4        0.0000000000
    7    5        0.0000000000
    7    6        0.0000000000
    8    1        0.0000000000
    8    2        0.0000000000
    8    3        0.0000000000
    8    4        0.0000000000
    8    5        0.0000000000
    8    6        0.0000000000
    8    7       -0.5318019553
    9    1        0.0000000000
    9    2        0.0000000000
    9    3        0.0000000000
    9    4        0.0000000000
    9    5        0.0000000000
    9    6        0.0000000000
    9    7        0.0000000000
    9    8       -0.0000000000
   10    1        0.0000000000
   10    2        0.0000000000
   10    3        0.0000000000
   10    4        0.0000000000
   10    5        0.0000000000
   10    6        0.0000000000
   10    7       -0.0000000000
   10    8        0.0000000000
   10    9       -0.0000000000
   11    1        0.0000000000
   11    2        0.0000000000
   11    3        0.0000000000
   11    4        0.0000000000
   11    5        0.0000000000
   11    6        0.0000000000
   11    7        0.0000000000
   11    8        0.0000000000
   11    9        0.0000000000
   11   10        0.0000000000
   12    1        0.0000000000
   12    2        0.0000000000
   12    3        0.0000000000
   12    4        0.0000000000
   12    5        0.0000000000
   12    6        0.0000000000
   12    7       -0.8468687503
   12    8       -0.0000000000
   12    9        0.0000000000
   12   10       -0.0000000000
   12   11       -0.0000000000
  CHECKSUM    2.00000000000000     
  Coriolis contributions and sensitivities 
  cm-1 and MHz/cm-1, respectively 
  ixyz =                      1
  B in cm-1:    1.19029789070809     
                     1                     7 -1.302893430714861E-033
  1.672991156604535E-073
                     1                     8 -5.426269769248000E-003
  6.522357674737493E-015
                     1                     9 -2.668440805136716E-003
  4.925044224096782E-015
                     1                    10  1.690281992184060E-004
  1.218306784590248E-015
                     1                    11  2.949922268783598E-003
  1.200351994403014E-015
                     1                    12  4.361701299315237E-003
  1.636911825128256E-015
  ixyz =                      2
  B in cm-1:    1.35599070212691     
                     2                     7 -1.515034038321106E-002
  4.169194007834674E-013
                     2                     8  1.346231571202979E-026
  6.169375135517060E-059
                     2                     9  1.018471388282898E-002
  3.332462486747771E-013
                     2                    10  3.462617922051529E-003
  6.687501727549162E-015
                     2                    11  1.260251774246526E-003
  6.327366873227774E-017
                     2                    12  1.660651449974490E-028
  9.823574545619848E-067
  ixyz =                      3
  B in cm-1:    9.74111585614686     
                     3                     7  -3.33845632402172     
  6.700600583629421E-008
                     3                     8   3.14735073987894     
  6.534132002406567E-008
                     3                     9  3.966623574974854E-025
  9.795025726460832E-060
                     3                    10  2.441183863676477E-026
  6.440985531678821E-063
                     3                    11  3.230567416670164E-026
  8.056792397429786E-064
                     3                    12  0.167431912643475     
  1.935020284299257E-014
 
  -----------------------------------------------------------------------------------
   Cubic force constants in dimensionless reduced mass normal coordinates,[Phi(ijk)]:
  -----------------------------------------------------------------------------------
    I    J    K             F(IJK) in a.u.            F(IJK) in cm-1
  -----------------------------------------------------------------------------------
  Performing F(IJK)/F(IKJ)/F(KJI) consistency check 
  Differences greater than 1 cm-1 will be printed.
  ===================================================================
  I    J    K    F(IJK)        F(IKJ)        F(KJI)        Difference
  ===================================================================
 Cubic force constants written to file cubic.
  ===================================================================
  Largest absolute difference is    0.10959 cm-1.
 
 
---------------------------------------------------------------------------
          Quartic centrifugal distortion parameters 
                                CM-1                MHz
---------------------------------------------------------------------------
    1    1    1    1   -0.6585546454E-05       -0.1974297159
    1    1    2    2   -0.8336115175E-05       -0.2499104458
    1    1    3    3   -0.1086291754E-04       -0.3256620750
    2    2    1    1   -0.8336115175E-05       -0.2499104458
    2    2    2    2   -0.1150389811E-04       -0.3448781890
    2    2    3    3    0.3537256787E-04        1.0604429066
    2    3    2    3   -0.1029812982E-03       -3.0873016518
    2    3    3    2   -0.1029812982E-03       -3.0873016518
    3    2    2    3   -0.1029812982E-03       -3.0873016518
    3    2    3    2   -0.1029812982E-03       -3.0873016518
    3    3    1    1   -0.1086291754E-04       -0.3256620750
    3    3    2    2    0.3537256787E-04        1.0604429066
    3    3    3    3   -0.2552985483E-02      -76.5365793300
---------------------------------------------------------------------------
------------------------------------------------------------
        Parameter                (MHz)                 (CM-1)
------------------------------------------------------------
 
           R6                -.663860E-03           -.221440E-07
           R5                -.294673E+00           -.982925E-05
           SI                            0.102134E+03
 
  Kivelson-Wilson centrifugal distortion parameters 
 
           DJ                0.664608E-01           0.221689E-05
           DK                0.178406E+02           0.595100E-03
           DJK               0.122703E+01           0.409295E-04
 
  A-reduced centrifugal distortion parameters (Ir representation) 
 
           DELJ              0.677885E-01           0.226118E-05
           DELK              0.178473E+02           0.595321E-03
           DELJK             0.121907E+01           0.406637E-04
           delJ              0.921553E-02           0.307397E-06
           delK              0.860558E+00           0.287051E-04
 
  S-reduced centrifugal distortion parameters (Ir representation) 
 
           DJ                0.635756E-01           0.212065E-05
           DK                0.178262E+02           0.594619E-03
           DJK               0.124435E+01           0.415069E-04
           D1                -.921553E-02           -.307397E-06
           D2                -.210644E-02           -.702632E-07
------------------------------------------------------------
  Centrifugal corrections for various types of 
 rotational constants (MHz and cm-1) ...
   Bx''-Bx         0.2416039596        0.0000080590
   By''-By         1.7064818634        0.0000569221
   Bz''-Bz         1.6686060488        0.0000556587
   Bx''-Bx'         2.5570801985        0.0000852950
   By''-By'         0.1628310375        0.0000054315
   Bz''-Bz'         0.1249552229        0.0000041681
   Bx'-Bx        -2.3154762389       -0.0000772360
   By'-By         1.5436508259        0.0000514906
   Bz'-Bz         1.5436508259        0.0000514906
   BxSR-Bx        -1.1398975893       -0.0000380229
   BySR-By         0.3618424328        0.0000120698
   BzSR-Bz         1.5540934437        0.0000518390
   BxSR-Bx''        -1.3815015489       -0.0000460819
   BySR-By''        -1.3446394306       -0.0000448523
   BzSR-Bz''        -0.1145126052       -0.0000038197
   BxSR-Bx'         1.1755786496        0.0000392131
   BySR-By'        -1.1818083931       -0.0000394209
   BzSR-Bz'        -0.0104426177       -0.0000003483
   BxAR-Bx        -2.8525881951       -0.0000951521
   ByAR-By         2.0913845354        0.0000697611
   BzAR-Bz         1.5330290726        0.0000511363
---------------------------------------------------------------------------
 
 *****************************************
     THE MOLECULE IS AN ASYMMETRIC TOP
 *****************************************
 
 
---------------------------------------------------------------------------
         Sextic centrifugal distortion parameters
          Watson A reduction. I^r representation 
              CM-1*10^6                     kHz
---------------------------------------------------------------------------
   HJ        0.0000034320               0.0001028900
   HJK        0.0007877160               0.0236151302
   HKJ       -0.0015455562              -0.0463346088
   HK        0.1138322087               3.4126037645
   hJ        0.0000013322               0.0000399378
   hJK        0.0004235066               0.0126964077
   hK        0.0336740101               1.0095214255
---------------------------------------------------------------------------
         Sextic centrifugal distortion parameters
          Watson S reduction. I^r representation 
              CM-1*10^6                     kHz
---------------------------------------------------------------------------
   HJ        0.0000003299               0.0000098887
   HJK        0.0002250974               0.0067482489
   HKJ        0.0003763720               0.0112833476
   HK        0.1124760013               3.3719456907
   h1        0.0000009765               0.0000292748
   h2        0.0000015511               0.0000465006
   h3        0.0000003557               0.0000106630
---------------------------------------------------------------------------
 
---------------------------------------------------------------------------
  Mean and mean-square displacements in dimensionless normal coordinates
 
             Geometrical properties evaluated at     0.00 K 
 
         Coordinate              <q>            <q**2>
---------------------------------------------------------------------------
              7             -0.0000000000     0.5000000659
              8             -0.0000000000     0.5000000659
              9              0.0356460584     0.5000000659
             10              0.0756228727     0.5000000659
             11             -0.1644762613     0.5000000659
             12             -0.0000000000     0.5000000659
---------------------------------------------------------------------------
 
  ------------------------------------------------------
   ATOM              INTERNUCLEAR DISTANCE / Angstrom
  -------------------------------------------------------
  I    J           Re           Rg           Ra
  ------------------------------------------------------
  2    1         1.1764481    1.1798496    1.1794402
  3    1         1.9848653    2.0013833    1.9986228
  3    2         1.0925426    1.1130983    1.1049614
  4    1         1.9848653    2.0013833    1.9986228
  4    2         1.0925426    1.1130983    1.1049614
  4    3         1.8531745    1.8782989    1.8734472
  ------------------------------------------------------
********************************************************************************
   PARAMETERS RELEVANT TO ROTATIONAL SPECTROSCOPY
********************************************************************************
  VRCORIOL read from JOBARC in final
  0.000000000000000E+000  0.000000000000000E+000  0.000000000000000E+000
  0.000000000000000E+000  0.000000000000000E+000  0.000000000000000E+000
  1.302893430714861E-033  5.426269769248000E-003  2.668440805136716E-003
 -1.690281992184060E-004
  VRQUADRA read from JOBARC in final
  0.000000000000000E+000  0.000000000000000E+000  0.000000000000000E+000
  0.000000000000000E+000  0.000000000000000E+000  0.000000000000000E+000
 -1.190544125572867E-016  0.000000000000000E+000 -7.401359185896584E-004
 -2.960796888393111E-003
 
 
  ----------------------------------------------------------------------------
                                     VIB-ROT CONSTANT / (cm-1)
                                  ------------------------------
     AXIS        MODE       CORIOLIS     QUADRATIC     ANHARMONIC    TOTAL
  ----------------------------------------------------------------------------
       1           7       0.0000000     -0.0000000   -0.0015902   -0.0015902
       1           8       0.0054263      0.0000000    0.0004816    0.0059079
       1           9       0.0026684     -0.0007401    0.0007277    0.0026560
       1          10      -0.0001690     -0.0029608    0.0107374    0.0076076
       1          11      -0.0029499     -0.0004431    0.0055358    0.0021428
       1          12      -0.0043617      0.0000000    0.0056420    0.0012803
       2           7       0.0151503      0.0000000   -0.0011944    0.0139559
       2           8      -0.0000000     -0.0050615    0.0021682   -0.0028933
       2           9      -0.0101847     -0.0022725    0.0007182   -0.0117390
       2          10      -0.0034626     -0.0035762    0.0136182    0.0065794
       2          11      -0.0012603     -0.0000447    0.0017626    0.0004577
       2          12      -0.0000000     -0.0008686    0.0026145    0.0017459
       3           7       3.3384563     -0.0000000   -0.0448613    3.2935950
       3           8      -3.1473507     -0.0363607   -0.0796345   -3.2633460
       3           9      -0.0000000     -0.0789340    0.0116753   -0.0672587
       3          10      -0.0000000     -0.0149977    0.0163385    0.0013407
       3          11      -0.0000000     -0.1325908    0.2797924    0.1472016
       3          12      -0.1674319     -0.0062401    0.2429393    0.0692672
  ----------------------------------------------------------------------------
 
 
  ----------------------------------------------------------------------------
   Be, B0 AND B-B0 SHIFTS FOR SINGLY EXCITED VIBRATIONAL STATES (CM-1)
   ------------------------------------------------------------
  VIBRATION            X AXIS               Y AXIS                 Z AXIS
  ----------------------------------------------------------------------------
    Be                    1.19029789           1.35599070           9.74111586
    B0                    1.18129570           1.35193744           9.65071596
    Be-B0                 0.00900219           0.00405326           0.09039989
    B'                    1.18121847           1.35198894           9.65076745
    Be-B'                 0.00907943           0.00400177           0.09034840
    B''                   1.18130376           1.35199437           9.65077162
    Be-B''                0.00899413           0.00399634           0.09034423
    B^A                   1.18120055           1.35200721           9.65076710
    Be-B^A                0.00909734           0.00398350           0.09034876
    B^S                   1.18125768           1.35194951           9.65076780
    Be-B^S                0.00904021           0.00404119           0.09034805
     7                    0.00159017          -0.01395594          -3.29359499
     8                   -0.00590791           0.00289334           3.26334601
     9                   -0.00265605           0.01173902           0.06725872
    10                   -0.00760759          -0.00657943          -0.00134074
    11                   -0.00214275          -0.00045765          -0.14720155
    12                   -0.00128025          -0.00174585          -0.06926722
  ----------------------------------------------------------------------------
  ----------------------------------------------------------------------------
   Be, B0 AND B-B0 SHIFTS FOR SINGLY EXCITED VIBRATIONAL STATES (MHz)
  VIBRATION            X AXIS               Y AXIS                 Z AXIS
  ----------------------------------------------------------------------------
    Be                35684.23304076       40651.57856158      292031.30661770
    B0                35414.35419264       40530.06496749      289321.18598543
    Be-B0               269.87884812         121.51359409        2710.12063227
    B'                35412.03871640       40531.60861831      289322.72963626
    Be-B'               272.19432435         119.96994326        2708.57698145
    B''               35414.59579660       40531.77144935      289322.85459148
    Be-B''              269.63724416         119.80711223        2708.45202622
    B^A               35411.50160445       40532.15635202      289322.71901450
    Be-B^A              272.73143631         119.42220956        2708.58760320
    B^S               35413.21429505       40530.42680992      289322.74007888
    Be-B^S              271.01874570         121.15175166        2708.56653883
     7                   47.67214107        -418.38854826      -98739.49391103
     8                 -177.11464461          86.74025119       97832.65211412
     9                  -79.62632314         351.92705912        2016.36561086
    10                 -228.06971666        -197.24649654         -40.19448163
    11                  -64.23811932         -13.72004576       -4412.99149629
    12                  -38.38103358         -52.33940792       -2076.57910057
  ----------------------------------------------------------------------------
  searchzmat returns                      1
                             Vibrationally averaged dipole moment
--------------------------------------------------------------------------------
                              a.u.                         Debye
                     x         y         z              x         y         z
--------------------------------------------------------------------------------
MU_e            0.00000   0.00000  -1.05521        0.00000   0.00000  -2.68190
delta <MU> (1)  0.00000   0.00000   0.00000        0.00000   0.00000   0.00000
delta <MU> (2)  0.00000   0.00000   0.00000        0.00000   0.00000   0.00000
<MU>            0.00000   0.00000  -1.03840        0.00000   0.00000  -2.63917
 
Equilibrium dipole moment:    1.05521 a.u. (   2.68190 D)
Zero-point dipole moment:     1.03840 a.u. (   2.63917 D)
--------------------------------------------------------------------------------
********************************************************************************
  PARAMETERS RELEVANT TO VIBRATIONAL SPECTROSCOPY
********************************************************************************
  ==============================================================
  F(ijkk) quartic force constants in normal coordinates
  ==============================================================
  I    J    K    K         F(IJKK)/a.u             F(IJKK)/cm-1
  --------------------------------------------------------------
  7    7    7    7               0.0659236007          117.1411589855
  8    8    7    7               0.0146126415           25.3200582441
 12    8    7    7              -0.0020959839           -2.3959069767
  9    9    7    7               0.0073305117           10.5495731797
 10    9    7    7              -0.0080366627          -10.5211599762
 11    9    7    7               0.0145555935           15.3306446790
  9   10    7    7              -0.0080366740          -10.5211748804
 10   10    7    7              -0.0104100166          -12.3972851937
 11   10    7    7              -0.0175914586          -16.8546458925
  9   11    7    7               0.0145556023           15.3306538590
 10   11    7    7              -0.0175914516          -16.8546392007
 11   11    7    7              -0.3242338505         -249.9302076732
  8   12    7    7              -0.0020959458           -2.3958633901
 12   12    7    7              -0.3902468118         -294.2845085744
  7    7    8    8               0.0146133610           25.3213050588
  8    8    8    8               0.0489041349           82.6321261463
 12    8    8    8              -0.0257345316          -28.6857129706
  9    9    8    8               0.0261738069           36.7311790745
 10    9    8    8              -0.0138249163          -17.6489052701
 11    9    8    8              -0.0276916010          -28.4410705479
  9   10    8    8              -0.0138249141          -17.6489024705
 10   10    8    8              -0.0016684035           -1.9375085894
 11   10    8    8              -0.0093091058           -8.6974736681
  9   11    8    8              -0.0276915951          -28.4410644314
 10   11    8    8              -0.0093091304           -8.6974966666
 11   11    8    8              -0.2635431897         -198.0977620782
  8   12    8    8              -0.0257345080          -28.6856865642
 12   12    8    8              -0.2822520019         -207.5546384774
  7    7    9    9               0.0073310262           10.5503136669
  8    8    9    9               0.0261742836           36.7318481278
 12    8    9    9               0.0164714297           15.2491383571
  9    9    9    9               0.0105765436           12.3275384921
 10    9    9    9              -0.0080692697           -8.5556719245
 11    9    9    9               0.0256017315           21.8389543494
  9   10    9    9              -0.0080692697           -8.5556719118
 10   10    9    9               0.0129017836           12.4439119078
 11   10    9    9              -0.0255365763          -19.8158386633
  9   11    9    9               0.0256017315           21.8389543437
 10   11    9    9              -0.0255365763          -19.8158386747
 11   11    9    9              -0.2247105441         -140.2864907980
  8   12    9    9               0.0164714297           15.2491383617
 12   12    9    9              -0.3084255060         -188.3693882696
  7    7   10   10              -0.0104105069          -12.3978691384
  8    8   10   10              -0.0016678390           -1.9368530225
 12    8   10   10               0.0024754574            1.8964615517
  9    9   10   10               0.0129023560           12.4444639406
 10    9   10   10               0.0379763380           33.3201956638
 11    9   10   10               0.0171036423           12.0732912461
  9   10   10   10               0.0379763380           33.3201956816
 10   10   10   10               0.1954446472          155.9931488461
 11   10   10   10               0.0174001477           11.1731927844
  9   11   10   10               0.0171036423           12.0732912340
 10   11   10   10               0.0174001477           11.1731927672
 11   11   10   10              -0.0484729502          -25.0418507750
  8   12   10   10               0.0024754574            1.8964615538
 12   12   10   10              -0.0947004077          -47.8615170066
  7    7   11   11              -0.3242766341         -249.9631866674
  8    8   11   11              -0.2635715485         -198.1190785734
 12    8   11   11               0.0167311151            8.2965720884
  9    9   11   11              -0.2247366361         -140.3027800021
 10    9   11   11               0.1076625416           61.1426577972
 11    9   11   11               0.0026989175            1.2331386213
  9   10   11   11               0.1076625416           61.1426578161
 10   10   11   11              -0.0484765628          -25.0437171025
 11   10   11   11               0.0079057854            3.2859019995
  9   11   11   11               0.0026989174            1.2331386082
 10   11   11   11               0.0079057854            3.2859019804
 11   11   11   11               1.4972630892          500.6685530425
  8   12   11   11               0.0167311151            8.2965720949
 12   12   11   11               1.6614358778          543.5048471287
  7    7   12   12              -0.3902960551         -294.3216428986
  8    8   12   12              -0.2822831059         -207.5775108126
 12    8   12   12              -0.0947862617          -45.9818923831
  9    9   12   12              -0.3084568381         -188.3885242298
 10    9   12   12               0.1543660005           85.7628052970
 11    9   12   12              -0.0940873910          -42.0553609940
  9   10   12   12               0.1543660022           85.7628062487
 10   10   12   12              -0.0947041926          -47.8634298859
 11   10   12   12               0.0504690909           20.5211977921
  9   11   12   12              -0.0940873796          -42.0553559028
 10   11   12   12               0.0504690321           20.5211738477
 11   11   12   12               1.6614394686          543.5060217659
  8   12   12   12              -0.0947861973          -45.9818611452
 12   12   12   12               1.8096662621          579.1432087648
  Quartic force constants written to file quartic.
  ==============================================================
  Performing F(IIJJ)/F(JJII) consistency check 
  Differences greater than 1 cm-1 will be printed.
  ==============================================================
  I    I    K    K       F(IIKK)       F(KKII)       Difference
  --------------------------------------------------------------
  --------------------------------------------------------------
  Largest absolute difference is    0.03713 cm-1.
  Largest relative difference is .70189D-04.
VPT2 vibrational analysis
 
 
 Thresholds for removing resonance denominators:
 Delta_omega = 50 cm-1; Phi(ijk) = 80 cm-1
 
   ----------------------------------------------------------------------------
              CONTRIBUTIONS TO THE TRANSITION MOMENT OF FUNDAMENTAL LEVELS
   ----------------------------------------------------------------------------
                             Cartesian Components / Debye
                (**) Terms from which near zero denominators were removed
   ----------------------------------------------------------------------------
   ----------------------------------------------------------------------------
   MODE  7                         X                    Y                    Z
   ----------------------------------------------------------------------------
   HARMONIC:               0.028586505895914   0.000000000000000   0.000000000000000
   MIXED:(100+001):        0.000581678697476  -0.000000000000000   0.000000000000000
 
   MECHANICAL:              
   From PHI(i,j,k):       -0.000220169450975  -0.000000000000000  -0.000000000000000
   From PHI(i,j,k,l):      0.000538995740397   0.000000000000000   0.000000000000000
   From Coriolis:          0.000000000000000   0.000000000000000   0.000000000000000
 
   ELECTRICAL:             0.000310416193295   0.000000000000027   0.000000000000003
 
   TOTAL:                  0.029797427076106   0.000000000000027   0.000000000000003
   ----------------------------------------------------------------------------
   MODE  8                         X                    Y                    Z
   ----------------------------------------------------------------------------
   HARMONIC:               0.000000000000000  -0.079353146604042  -0.000000000000030
   MIXED:(100+001):        0.000000000000000  -0.001019777783022   0.000000000000000
 
   MECHANICAL:              
   From PHI(i,j,k):       -0.000000000000000  -0.000106016344008   0.000000000000000
   From PHI(i,j,k,l):      0.000000000000000  -0.001531501744915  -0.000000000000000
   From Coriolis:          0.000000000000000   0.000262097147909  -0.000000000000000
 
   ELECTRICAL:             0.000000000000006  -0.000776072341334  -0.000000000000044
 
   TOTAL:                  0.000000000000006  -0.082524417669412  -0.000000000000074
   ----------------------------------------------------------------------------
   MODE  9                         X                    Y                    Z
   ----------------------------------------------------------------------------
   HARMONIC:              -0.000000000000000   0.000000000000111  -0.066538353591154
   MIXED:(100+001):       -0.000000000000000   0.000000000000000  -0.000123426748675
 
   MECHANICAL:              
   From PHI(i,j,k):        0.000000000000000  -0.000000000000001  -0.005801940064650
   From PHI(i,j,k,l):     -0.000000000000000   0.000000000000003   0.009255067727268
   From Coriolis:          0.000000000000000   0.000000000000000  -0.000516904571936
 
   ELECTRICAL:             0.000000000000009  -0.000000000000091  -0.001156635402921
 
   TOTAL:                  0.000000000000009   0.000000000000022  -0.064882192652069
   ----------------------------------------------------------------------------
   MODE 10                         X                    Y                    Z
   ----------------------------------------------------------------------------
   HARMONIC:               0.000000000000000  -0.000000000000027  -0.177351093763568
   MIXED:(100+001):        0.000000000000000   0.000000000000001  -0.000737732064934
 
   MECHANICAL:              
   From PHI(i,j,k):        0.000000000000000  -0.000000000000003   0.000093364078492
   From PHI(i,j,k,l):     -0.000000000000000   0.000000000000005  -0.002820649287149
   From Coriolis:          0.000000000000000  -0.000000000000000   0.000251472296030
 
   ELECTRICAL:            -0.000000000000007   0.000000000000039  -0.001893544550192
 
   TOTAL:                 -0.000000000000007   0.000000000000015  -0.182458183291321
   ----------------------------------------------------------------------------
   MODE 11                         X                    Y                    Z
   ----------------------------------------------------------------------------
   HARMONIC:               0.000000000000000   0.000000000000035  -0.091629748796679
   MIXED:(100+001):        0.000000000000000   0.000000000000005  -0.006163018259755
 
   MECHANICAL:              
   From PHI(i,j,k):       -0.000000000000000   0.000000000000000   0.002245089178364
   From PHI(i,j,k,l):     -0.000000000000000  -0.000000000000000   0.001047300878455
   From Coriolis:          0.000000000000000  -0.000000000000007  -0.000151729578992
 
   ELECTRICAL:            -0.000000000000004  -0.000000000000065   0.000697243850753
 
   TOTAL:                 -0.000000000000004  -0.000000000000033  -0.093954862727854
   ----------------------------------------------------------------------------
   MODE 12                         X                    Y                    Z
   ----------------------------------------------------------------------------
   HARMONIC:              -0.000000000000000  -0.115085334325216  -0.000000000000025
   MIXED:(100+001):       -0.000000000000000  -0.012918000266569   0.000000000000000
 
   MECHANICAL:              
   From PHI(i,j,k):        0.000000000000000   0.015683022203400   0.000000000000003
   From PHI(i,j,k,l):      0.000000000000000   0.001051707679388   0.000000000000000
   From Coriolis:          0.000000000000000  -0.000248707800934   0.000000000000005
 
   ELECTRICAL:             0.000000000000012  -0.002630331095122  -0.000000000000012
 
   TOTAL:                  0.000000000000012  -0.114147643605054  -0.000000000000028
   ----------------------------------------------------------------------------
-------------------------------
  ANHARMONICITY CONSTANTS X(ij) 
                   (cm-1)
-------------------------------
  (*) Near-zero denominators were removed
-------------------------------
          I  J          X(IJ)
-------------------------------
           7  7       -4.3125 
           7  8        7.2058 
           7  9        0.4233 
           7 10       -4.1952 
           7 11       -2.3211 
           7 12      -18.2849 
           8  8       -2.4705 
           8  9      -31.7547 
           8 10        4.0317 
           8 11       -5.3208 
           8 12       -4.5260 
           9  9        0.7845 
           9 10       -5.3048 
           9 11      -30.7924 
           9 12        0.4815 
          10 10       -8.2731 
          10 11       -0.5787 
          10 12      -11.1333 
          11 11      -27.2039 
          11 12     -112.9090 
          12 12      -31.6210 
 
 Partial contributions to AZPE (units,cm-1)
 ========================================
 
 
  Term: quartic potential -0.833327918643574     
  Term: cubic potential    -69.8765858256697     
  Total from potential     -70.7099137443133     
 
  Term: coriolis interaction   1.74920451607251     
 
 Term: Zeroth-order U   -3.07185284769731     
 Total from U           -3.07185284769731     
  termp, termc and termu   -70.7099137443133        1.74920451607251     
  -3.07185284769731     
 ---------------------------------------------------
 
 TOTAL(all-terms)/cm-1  -72.0325620759381     
 
 
  -72.0325620759381              cm-1    
 
 -0.205951179533798              kcal/mol
 
 -0.861699735169409              kJ/mol
 
 -3.282043507369458E-004         Hartree
--------------------------------------------------------------------------------
          HARMONIC AND FUNDAMENTAL FREQUENCIES (cm-1) AND INTENSITIES (km/mol)
--------------------------------------------------------------------------------

         Harmonic     Fundamental Anharmonic    Harmonic   Fundamental  Anharm
  Mode   Frequency    Frequency   Contribution  Intensity  Intensity    Contrib
    7   1338.0802   1320.8691      -17.2111      2.7409       2.9397      0.1988
    8   1372.1917   1352.0687      -20.1230     21.6589      23.0811      1.4222
    9   1652.1525   1620.2480      -31.9046     18.3353      17.0972     -1.2380
   10   1996.5288   1971.3924      -25.1364    157.4113     164.5101      7.0987
   11   3084.5396   2954.1708     -130.3688     64.9166      65.3682      0.4516
   12   3152.9908   3016.5630     -136.4279    104.6780      98.5233     -6.1547
--------------------------------------------------------------------------------
--------------------------------------------------------------------------------
                         ZERO-POINT VIBRATIONAL ENERGIES
--------------------------------------------------------------------------------
                            kcal/mol      kJ/mol        Hartree        cm-1
--------------------------------------------------------------------------------
Harmonic contribution :       18.0076      75.3436      0.02869690      6298.242
VPT2-correction       :       -0.2060      -0.8617     -0.00032820       -72.033
--------------------------------------------------------------------------------
Harm+VPT2             :       17.8016      74.4819      0.02836870      6226.209
--------------------------------------------------------------------------------
--------------------------------------------------------------------------------
              Two-quantum transition moment contributions
--------------------------------------------------------------------------------
                             Cartesian components (X,Y,Z)/ Debye
                   (**) Terms from where near zero denominators were removed
--------------------------------------------------------------------------------
  MAXLEVEL set to                      3
 ONE MODE, TWO QUANTA: I-mode:  7; J-mode: -; I-level:  2; J-level: -
 ---------------------
   Electric:       -0.000000000000000    -0.000000000000008        0.007448013399349
   Mechanic:        0.000000000000000     0.000000000000003       -0.007084851033809
   Total   :       -0.000000000000000    -0.000000000000005        0.000363162365540

 ONE MODE, TWO QUANTA: I-mode:  8; J-mode: -; I-level:  2; J-level: -
 ---------------------
   Electric:       -0.000000000000000     0.000000000000002        0.001746665670038
   Mechanic:        0.000000000000000     0.000000000000002       -0.005460977039410
   Total   :       -0.000000000000000     0.000000000000004       -0.003714311369372

 ONE MODE, TWO QUANTA: I-mode:  9; J-mode: -; I-level:  2; J-level: -
 ---------------------
   Electric:        0.000000000000000     0.000000000000001        0.003157964060852
   Mechanic:       -0.000000000000000    -0.000000000000001        0.004206272610375
   Total   :        0.000000000000000     0.000000000000001        0.007364236671227

 ONE MODE, TWO QUANTA: I-mode: 10; J-mode: -; I-level:  2; J-level: -
 ---------------------
   Electric:        0.000000000000000     0.000000000000001        0.004025262814146
   Mechanic:       -0.000000000000000     0.000000000000000        0.004042508543570
   Total   :        0.000000000000000     0.000000000000001        0.008067771357716

 ONE MODE, TWO QUANTA: I-mode: 11; J-mode: -; I-level:  2; J-level: -
 ---------------------
   Electric:        0.000000000000000    -0.000000000000001        0.002144469184853
   Mechanic:        0.000000000000000     0.000000000000001       -0.002576992780064
   Total   :        0.000000000000000    -0.000000000000000       -0.000432523595211

 ONE MODE, TWO QUANTA: I-mode: 12; J-mode: -; I-level:  2; J-level: -
 ---------------------
   Electric:        0.000000000000000    -0.000000000000000        0.005815170480823
   Mechanic:        0.000000000000000     0.000000000000001       -0.002670067215960
   Total   :        0.000000000000000     0.000000000000000        0.003145103264863

 TWO MODES, TWO QUANTA: I-mode:  8; J-mode:  7; I-level:  1; J-level:  1
 ---------------------
   Electric:        0.000000000000000    -0.000000000000000        0.000000000000000
   Mechanic:        0.000000000000000     0.000000000000000        0.000000000000000
   Total   :        0.000000000000000    -0.000000000000000        0.000000000000000

 TWO MODES, TWO QUANTA: I-mode:  9; J-mode:  7; I-level:  1; J-level:  1
 ---------------------
   Electric:       -0.002315268690388    -0.000000000000000       -0.000000000000001
   Mechanic:        0.000222367170429     0.000000000000000        0.000000000000000
   Total   :       -0.002092901519959    -0.000000000000000       -0.000000000000001

 TWO MODES, TWO QUANTA: I-mode:  9; J-mode:  8; I-level:  1; J-level:  1
 ---------------------
   Electric:        0.000000000000000     0.010702173285701        0.000000000000008
   Mechanic:       -0.000000000000000    -0.060062528744174       -0.000000000000013
   Total   :        0.000000000000000    -0.049360355458473       -0.000000000000005

 TWO MODES, TWO QUANTA: I-mode: 10; J-mode:  7; I-level:  1; J-level:  1
 ---------------------
   Electric:        0.007412869569353     0.000000000000000       -0.000000000000000
   Mechanic:       -0.000056342045553    -0.000000000000000       -0.000000000000000
   Total   :        0.007356527523799     0.000000000000000       -0.000000000000000

 TWO MODES, TWO QUANTA: I-mode: 10; J-mode:  8; I-level:  1; J-level:  1
 ---------------------
   Electric:       -0.000000000000000     0.000892486842721       -0.000000000000001
   Mechanic:       -0.000000000000000    -0.024191172857329       -0.000000000000005
   Total   :       -0.000000000000000    -0.023298686014608       -0.000000000000007

 TWO MODES, TWO QUANTA: I-mode: 10; J-mode:  9; I-level:  1; J-level:  1
 ---------------------
   Electric:        0.000000000000000    -0.000000000000012       -0.006609319368676
   Mechanic:       -0.000000000000000     0.000000000000000        0.001045851339293
   Total   :        0.000000000000000    -0.000000000000011       -0.005563468029383

 TWO MODES, TWO QUANTA: I-mode: 11; J-mode:  7; I-level:  1; J-level:  1
 ---------------------
   Electric:        0.000956059956060    -0.000000000000000        0.000000000000000
   Mechanic:       -0.000465135347326    -0.000000000000000       -0.000000000000000
   Total   :        0.000490924608735    -0.000000000000000        0.000000000000000

 TWO MODES, TWO QUANTA: I-mode: 11; J-mode:  8; I-level:  1; J-level:  1
 ---------------------
   Electric:        0.000000000000000     0.005907267341346        0.000000000000000
   Mechanic:       -0.000000000000000     0.000549053359437        0.000000000000000
   Total   :        0.000000000000000     0.006456320700783        0.000000000000001

 TWO MODES, TWO QUANTA: I-mode: 11; J-mode:  9; I-level:  1; J-level:  1
 ---------------------
   Electric:       -0.000000000000000    -0.000000000000012       -0.000142648609044
   Mechanic:        0.000000000000000    -0.000000000000001       -0.000383712248977
   Total   :       -0.000000000000000    -0.000000000000013       -0.000526360858021

 TWO MODES, TWO QUANTA: I-mode: 11; J-mode: 10; I-level:  1; J-level:  1
 ---------------------
   Electric:        0.000000000000000     0.000000000000003        0.012679245253398
   Mechanic:       -0.000000000000000     0.000000000000000        0.000445261767623
   Total   :        0.000000000000000     0.000000000000004        0.013124507021021

 TWO MODES, TWO QUANTA: I-mode: 12; J-mode:  7; I-level:  1; J-level:  1
 ---------------------
   Electric:        0.000000000000000     0.000000000000000       -0.000000000000000
   Mechanic:        0.000000000000000     0.000000000000000        0.000000000000000
   Total   :        0.000000000000000     0.000000000000000       -0.000000000000000

 TWO MODES, TWO QUANTA: I-mode: 12; J-mode:  8; I-level:  1; J-level:  1
 ---------------------
   Electric:        0.000000000000000    -0.000000000000003        0.005715594902715
   Mechanic:        0.000000000000000    -0.000000000000002       -0.001487212845115
   Total   :        0.000000000000000    -0.000000000000005        0.004228382057600

 TWO MODES, TWO QUANTA: I-mode: 12; J-mode:  9; I-level:  1; J-level:  1
 ---------------------
   Electric:       -0.000000000000000    -0.012713142777622       -0.000000000000014
   Mechanic:        0.000000000000000     0.003324527471303        0.000000000000001
   Total   :       -0.000000000000000    -0.009388615306320       -0.000000000000013

 TWO MODES, TWO QUANTA: I-mode: 12; J-mode: 10; I-level:  1; J-level:  1
 ---------------------
   Electric:       -0.000000000000000     0.022498963054827        0.000000000000004
   Mechanic:       -0.000000000000000    -0.001976579064546       -0.000000000000001
   Total   :       -0.000000000000000     0.020522383990281        0.000000000000003

 TWO MODES, TWO QUANTA: I-mode: 12; J-mode: 11; I-level:  1; J-level:  1
 ---------------------
   Electric:        0.000000000000000     0.018125583564176       -0.000000000000006
   Mechanic:       -0.000000000000000    -0.012337239983692       -0.000000000000003
   Total   :        0.000000000000000     0.005788343580484       -0.000000000000008

 ------------------------------------------------------------------------------
                   All levels with up to three quanta
--------------------------------------------------------------------------------
  MODE MODE MODE MODE MODE                   Anharmonic    Anharm      Harmonic
   I    J    K    L    M   NI  NJ  NK  NL  NM Frequency   Intensity   Transition
--------------------------------------------------------------------------------
    7    0    0    0    0  1   0   0   0   0  1320.869    2.939688   1338.080215
    8    0    0    0    0  1   0   0   0   0  1352.068   23.080630   1372.191655
    9    0    0    0    0  1   0   0   0   0  1620.247   17.096866   1652.152550
   10    0    0    0    0  1   0   0   0   0  1971.392  164.506756   1996.528782
    7    0    0    0    0  2   0   0   0   0  2633.113    0.005624   2676.160429
    8    7    0    0    0  1   1   0   0   0  2680.143    0.000000   2710.271870
    8    0    0    0    0  2   0   0   0   0  2699.196    0.603042   2744.383310
    9    8    0    0    0  1   1   0   0   0  2940.562   17.958894   3024.344205
    9    7    0    0    0  1   1   0   0   0  2941.540    0.032297   2990.232764
   11    0    0    0    0  1   0   0   0   0  2954.170   65.366933   3084.539595
   12    0    0    0    0  1   0   0   0   0  3016.562   98.521331   3152.990835
    9    0    0    0    0  2   0   0   0   0  3242.064    2.847305   3304.305100
   10    7    0    0    0  1   1   0   0   0  3288.066    0.446045   3334.608997
   10    8    0    0    0  1   1   0   0   0  3327.492    4.527648   3368.720437
   10    9    0    0    0  1   1   0   0   0  3586.335    0.278250   3648.681332
   10    0    0    0    0  2   0   0   0   0  3926.238    4.138478   3993.057564
    7    0    0    0    0  3   0   0   0   0  3936.732    0.000000   4014.240644
    8    7    0    0    0  1   2   0   0   0  3999.593    0.000000   4048.352085
    8    7    0    0    0  2   1   0   0   0  4034.477    0.000000   4082.463525
    8    0    0    0    0  3   0   0   0   0  4041.383    0.000000   4116.574966
    9    7    0    0    0  1   2   0   0   0  4254.207    0.000000   4328.312979
    9    8    0    0    0  1   2   0   0   0  4255.935    0.000000   4396.535860
    9    8    7    0    0  1   1   1   0   0  4269.060    0.000000   4362.424420
   11    7    0    0    0  1   1   0   0   0  4272.718    0.002581   4422.619810
   11    8    0    0    0  1   1   0   0   0  4300.918    0.449391   4456.731250
   12    7    0    0    0  1   1   0   0   0  4319.147    0.000000   4491.071049
   12    8    0    0    0  1   1   0   0   0  4364.105    0.195585   4525.182490
    9    8    0    0    0  2   1   0   0   0  4530.624    0.000000   4676.496755
   11    9    0    0    0  1   1   0   0   0  4543.626    0.003155   4736.692145
    9    7    0    0    0  2   1   0   0   0  4563.780    0.000000   4642.385314
   10    7    0    0    0  1   2   0   0   0  4596.115    0.000000   4672.689211
   12    9    0    0    0  1   1   0   0   0  4637.292    1.024614   4805.143384
   10    8    7    0    0  1   1   1   0   0  4651.372    0.000000   4706.800652
   10    8    0    0    0  1   2   0   0   0  4678.652    0.000000   4740.912092
    9    0    0    0    0  3   0   0   0   0  4865.450    0.000000   4956.457649
   10    9    7    0    0  1   1   1   0   0  4903.432    0.000000   4986.761546
   10    9    8    0    0  1   1   1   0   0  4910.681    0.000000   5020.872987
   11   10    0    0    0  1   1   0   0   0  4924.984    2.126491   5081.068377
   12   10    0    0    0  1   1   0   0   0  4976.822    5.254125   5149.519617
   10    9    0    0    0  1   2   0   0   0  5202.847    0.000000   5300.833881
   10    7    0    0    0  2   1   0   0   0  5238.717    0.000000   5331.137778
   10    8    0    0    0  2   1   0   0   0  5286.370    0.000000   5365.249219
   10    9    0    0    0  2   1   0   0   0  5535.876    0.000000   5645.210113
   11    7    0    0    0  1   2   0   0   0  5582.641    0.000000   5760.700024
   12    7    0    0    0  1   2   0   0   0  5613.106    0.000000   5829.151264
   11    8    7    0    0  1   1   1   0   0  5626.672    0.000000   5794.811465
   11    8    0    0    0  1   2   0   0   0  5642.725    0.000000   5828.922905
   12    8    7    0    0  1   1   1   0   0  5673.895    0.000000   5863.262705
   12    8    0    0    0  1   2   0   0   0  5706.707    0.000000   5897.374145
   11    0    0    0    0  2   0   0   0   0  5853.933    0.017735   6169.079190
   12   11    0    0    0  1   1   0   0   0  5857.824    0.491969   6237.530430
   11    9    8    0    0  1   1   1   0   0  5858.619    0.000000   6108.883800
   11    9    7    0    0  1   1   1   0   0  5862.597    0.000000   6074.772360
   10    0    0    0    0  3   0   0   0   0  5864.538    0.000000   5989.586345
   12    9    7    0    0  1   1   1   0   0  5940.299    0.000000   6143.223599
   12    9    8    0    0  1   1   1   0   0  5953.080    0.000000   6177.335040
   12    0    0    0    0  2   0   0   0   0  5969.883    0.956296   6305.981669
   11    9    0    0    0  1   2   0   0   0  6134.651    0.000000   6388.844695
   11   10    7    0    0  1   1   1   0   0  6239.337    0.000000   6419.148592
   12    9    0    0    0  1   2   0   0   0  6259.590    0.000000   6457.295934
   12   10    7    0    0  1   1   1   0   0  6275.211    0.000000   6487.599831
   11   10    8    0    0  1   1   1   0   0  6275.764    0.000000   6453.260032
   12   10    8    0    0  1   1   1   0   0  6328.396    0.000000   6521.711272
   11   10    9    0    0  1   1   1   0   0  6509.135    0.000000   6733.220927
   12   10    9    0    0  1   1   1   0   0  6592.246    0.000000   6801.672166
   11   10    0    0    0  1   2   0   0   0  6879.251    0.000000   7077.597159
   12   10    0    0    0  1   2   0   0   0  6920.534    0.000000   7146.048398
   12   11    7    0    0  1   1   1   0   0  7158.088    0.000000   7575.610644
   11    7    0    0    0  2   1   0   0   0  7170.160    0.000000   7507.159405
   11    8    0    0    0  2   1   0   0   0  7195.360    0.000000   7541.270845
   12   11    8    0    0  1   1   1   0   0  7200.046    0.000000   7609.722085
   12    7    0    0    0  2   1   0   0   0  7254.183    0.000000   7644.061884
   12    8    0    0    0  2   1   0   0   0  7312.900    0.000000   7678.173325
   11    9    0    0    0  2   1   0   0   0  7412.597    0.000000   7821.231740
   12   11    9    0    0  1   1   1   0   0  7447.761    0.000000   7889.682980
   12    9    0    0    0  2   1   0   0   0  7591.094    0.000000   7958.134219
   12   11   10    0    0  1   1   1   0   0  7817.505    0.000000   8234.059212
   11   10    0    0    0  2   1   0   0   0  7824.168    0.000000   8165.607972
   12   10    0    0    0  2   1   0   0   0  7919.009    0.000000   8302.510451
   12   11    0    0    0  1   2   0   0   0  8644.678    0.000000   9322.070025
   12   11    0    0    0  2   1   0   0   0  8698.236    0.000000   9390.521264
   11    0    0    0    0  3   0   0   0   0  8699.289    0.000000   9253.618785
   12    0    0    0    0  3   0   0   0   0  8859.962    0.000000   9458.972504
--------------------------------------------------------------------------------
 ----------------------------------------------------------------------
     Electric dipole moment function in dimensionless normal coordinates
----------------------------------------------------------------------
               Derivative
   Direction     Level        I       J       K      dMU
 ----------------------------------------------------------------------
     X          First        7                     0.0159052
     X         Second        7       9            -0.0018218
     X         Second        7      10             0.0058329
     X         Second        7      11             0.0007525
     X         Second        9       7            -0.0018218
     X         Second       10       7             0.0058328
     X         Second       11       7             0.0007523
     X          Third        7       7       7     0.0014902
     X          Third        8       8       7     0.0002860
     X          Third        9       9       7     0.0005324
     X          Third       10      10       7    -0.0006093
     X          Third       11      11       7    -0.0002984
     X          Third       12      12       7    -0.0007100
     Y          First        8                    -0.0441512
     Y          First       12                    -0.0640322
     Y         Second        8       9             0.0084212
     Y         Second        8      10             0.0007023
     Y         Second        8      11             0.0046482
     Y         Second        9       8             0.0084210
     Y         Second        9      12            -0.0100030
     Y         Second       10       8             0.0007023
     Y         Second       10      12             0.0177035
     Y         Second       11       8             0.0046482
     Y         Second       11      12             0.0142622
     Y         Second       12       9            -0.0100034
     Y         Second       12      10             0.0177034
     Y         Second       12      11             0.0142622
     Y          Third        7       7       8    -0.0006200
     Y          Third        7       7      12    -0.0018391
     Y          Third        8       8       8    -0.0007492
     Y          Third        8       8      12    -0.0016226
     Y          Third        9       9       8     0.0028615
     Y          Third        9       9      12    -0.0005925
     Y          Third       10      10       8     0.0007822
     Y          Third       10      10      12    -0.0020958
     Y          Third       11      11       8    -0.0005133
     Y          Third       11      11      12    -0.0010298
     Y          Third       12      12       8    -0.0034884
     Y          Third       12      12      12     0.0013260
     Z          First        9                    -0.0370212
     Z          First       10                    -0.0986762
     Z          First       11                    -0.0509818
     Z         Second        7       7             0.0210662
     Z         Second        8       8             0.0049403
     Z         Second        8      12             0.0044967
     Z         Second        9       9             0.0089321
     Z         Second        9      10            -0.0052004
     Z         Second        9      11            -0.0001124
     Z         Second       10       9            -0.0052006
     Z         Second       10      10             0.0113852
     Z         Second       10      11             0.0099767
     Z         Second       11       9            -0.0001122
     Z         Second       11      10             0.0099767
     Z         Second       11      11             0.0060655
     Z         Second       12       8             0.0044973
     Z         Second       12      12             0.0164478
     Z          Third        7       7       9    -0.0014043
     Z          Third        7       7      10     0.0006574
     Z          Third        7       7      11     0.0018641
     Z          Third        8       8       9    -0.0025644
     Z          Third        8       8      10     0.0001681
     Z          Third        8       8      11     0.0005215
     Z          Third        9       9       9    -0.0021966
     Z          Third        9       9      10    -0.0000993
     Z          Third        9       9      11     0.0000400
     Z          Third       10      10       9     0.0006138
     Z          Third       10      10      10    -0.0015972
     Z          Third       10      10      11    -0.0008474
     Z          Third       11      11       9    -0.0001411
     Z          Third       11      11      10    -0.0001491
     Z          Third       11      11      11     0.0006690
     Z          Third       12      12       9     0.0031184
     Z          Third       12      12      10    -0.0031941
     Z          Third       12      12      11    -0.0006955
 ----------------------------------------------------------------------
 @CHECKOUT-I, Total execution time (CPU/WALL):        0.04/       0.07 seconds.
