 @GETMEM-I,  Allocated    4768 MB of main memory.
  Data from point                      1
  Force constant matrix before transformation 

                 COLUMN   1       COLUMN   2       COLUMN   3       COLUMN   4
 ROW   1      0.01803892490    0.00033669971    0.00000000000   -0.05554935326
 ROW   2      0.00033669971    0.84999107772    0.00000000000   -0.00011726536
 ROW   3      0.00000000000    0.00000000000    0.07345387838    0.00000000000
 ROW   4     -0.05554935326   -0.00011726536    0.00000000000    0.17108943852
 ROW   5     -0.00055599092   -0.76665098290    0.00000000000   -0.00110625881
 ROW   6      0.00000000000    0.00000000000   -0.10623287616    0.00000000000
 ROW   7      0.01875521418   -0.00010971722   -0.00003005541   -0.05777004273
 ROW   8      0.00010964560   -0.04167004741   -0.03716202705    0.00061176209
 ROW   9      0.00005860535   -0.01549074343    0.01638949889    0.00083434057
 ROW  10      0.01875521418   -0.00010971722    0.00003005541   -0.05777004273
 ROW  11      0.00010964560   -0.04167004741    0.03716202705    0.00061176209
 ROW  12     -0.00005860535    0.01549074343    0.01638949889   -0.00083434057

                 COLUMN   5       COLUMN   6       COLUMN   7       COLUMN   8
 ROW   1     -0.00055599092    0.00000000000    0.01875521418    0.00010964560
 ROW   2     -0.76665098290    0.00000000000   -0.00010971722   -0.04167004741
 ROW   3      0.00000000000   -0.10623287616   -0.00003005541   -0.03716202705
 ROW   4     -0.00110625881    0.00000000000   -0.05777004273    0.00061176209
 ROW   5      0.96727021813    0.00000000000    0.00083112486   -0.10030961767
 ROW   6      0.00000000000    0.60016267724    0.00130649083   -0.08456234828
 ROW   7      0.00083112486    0.00130649083    0.01951320786   -0.00073671873
 ROW   8     -0.10030961767   -0.08456234828   -0.00073671873    0.13263327740
 ROW   9     -0.08240957089   -0.24696490064   -0.00108469067    0.10981234485
 ROW  10      0.00083112486   -0.00130649083    0.01950162069    0.00001531104
 ROW  11     -0.10030961767    0.08456234828    0.00001531104    0.00934638768
 ROW  12      0.08240957089   -0.24696490064   -0.00019174475    0.01191203053

                 COLUMN   9       COLUMN  10       COLUMN  11       COLUMN  12
 ROW   1      0.00005860535    0.01875521418    0.00010964560   -0.00005860535
 ROW   2     -0.01549074343   -0.00010971722   -0.04167004741    0.01549074343
 ROW   3      0.01638949889    0.00003005541    0.03716202705    0.01638949889
 ROW   4      0.00083434057   -0.05777004273    0.00061176209   -0.00083434057
 ROW   5     -0.08240957089    0.00083112486   -0.10030961767    0.08240957089
 ROW   6     -0.24696490064   -0.00130649083    0.08456234828   -0.24696490064
 ROW   7     -0.00108469067    0.01950162069    0.00001531104   -0.00019174475
 ROW   8      0.10981234485    0.00001531104    0.00934638768    0.01191203053
 ROW   9      0.24893439449    0.00019174475   -0.01191203053   -0.01835899274
 ROW  10      0.00019174475    0.01951320786   -0.00073671873    0.00108469067
 ROW  11     -0.01191203053   -0.00073671873    0.13263327740   -0.10981234485
 ROW  12     -0.01835899274    0.00108469067   -0.10981234485    0.24893439449
  Transformation matrix 

                 COLUMN   1       COLUMN   2       COLUMN   3
 ROW   1      1.00000000000   -0.00000000032   -0.00000000000
 ROW   2     -0.00000000000    0.00000000000   -1.00000000000
 ROW   3      0.00000000032    1.00000000000    0.00000000000
  Force constant matrix after transformation 

                 COLUMN   1       COLUMN   2       COLUMN   3       COLUMN   4
 ROW   1      0.01803892490    0.00000000000    0.00033669944   -0.05554935326
 ROW   2      0.00000000000    0.07345387838    0.00000000000   -0.00000000000
 ROW   3      0.00033669944    0.00000000000    0.84999107772   -0.00011726513
 ROW   4     -0.05554935326   -0.00000000000   -0.00011726513    0.17108943852
 ROW   5     -0.00000000000   -0.10623287616   -0.00000000000    0.00000000000
 ROW   6     -0.00055599069   -0.00000000000   -0.76665098290   -0.00110625906
 ROW   7      0.01875521418    0.00003005540   -0.00010971720   -0.05777004273
 ROW   8     -0.00005860536    0.01638949889    0.01549074343   -0.00083434059
 ROW   9      0.00010964562    0.03716202705   -0.04167004741    0.00061176210
 ROW  10      0.01875521418   -0.00003005540   -0.00010971720   -0.05777004273
 ROW  11      0.00005860536    0.01638949889   -0.01549074343    0.00083434059
 ROW  12      0.00010964562   -0.03716202705   -0.04167004741    0.00061176210

                 COLUMN   5       COLUMN   6       COLUMN   7       COLUMN   8
 ROW   1     -0.00000000000   -0.00055599069    0.01875521418   -0.00005860536
 ROW   2     -0.10623287616   -0.00000000000    0.00003005540    0.01638949889
 ROW   3     -0.00000000000   -0.76665098290   -0.00010971720    0.01549074343
 ROW   4      0.00000000000   -0.00110625906   -0.05777004273   -0.00083434059
 ROW   5      0.60016267724    0.00000000000   -0.00130649086   -0.24696490064
 ROW   6      0.00000000000    0.96727021813    0.00083112488    0.08240957089
 ROW   7     -0.00130649086    0.00083112488    0.01951320786    0.00108469070
 ROW   8     -0.24696490064    0.08240957089    0.00108469070    0.24893439449
 ROW   9      0.08456234828   -0.10030961767   -0.00073671877   -0.10981234485
 ROW  10      0.00130649086    0.00083112488    0.01950162069   -0.00019174475
 ROW  11     -0.24696490064   -0.08240957089    0.00019174475   -0.01835899274
 ROW  12     -0.08456234828   -0.10030961767    0.00001531104    0.01191203053

                 COLUMN   9       COLUMN  10       COLUMN  11       COLUMN  12
 ROW   1      0.00010964562    0.01875521418    0.00005860536    0.00010964562
 ROW   2      0.03716202705   -0.00003005540    0.01638949889   -0.03716202705
 ROW   3     -0.04167004741   -0.00010971720   -0.01549074343   -0.04167004741
 ROW   4      0.00061176210   -0.05777004273    0.00083434059    0.00061176210
 ROW   5      0.08456234828    0.00130649086   -0.24696490064   -0.08456234828
 ROW   6     -0.10030961767    0.00083112488   -0.08240957089   -0.10030961767
 ROW   7     -0.00073671877    0.01950162069    0.00019174475    0.00001531104
 ROW   8     -0.10981234485   -0.00019174475   -0.01835899274    0.01191203053
 ROW   9      0.13263327740    0.00001531104   -0.01191203053    0.00934638768
 ROW  10      0.00001531104    0.01951320786   -0.00108469070   -0.00073671877
 ROW  11     -0.01191203053   -0.00108469070    0.24893439449    0.10981234485
 ROW  12      0.00934638768   -0.00073671877    0.10981234485    0.13263327740
  @SETGEOM-I, Using symmetry to generate FCM for negative direction
              along normal coordinate   7.
 @CHECKOUT-I, Total execution time (CPU/WALL):        0.04/       0.07 seconds.
 @GETMEM-I,  Allocated    4768 MB of main memory.
  Data from point                      3
  Force constant matrix before transformation 

                 COLUMN   1       COLUMN   2       COLUMN   3       COLUMN   4
 ROW   1      0.84999437007    0.00149088162    0.00000000000   -0.76665358006
 ROW   2      0.00149088162    0.07345681621    0.00000000000   -0.00070402549
 ROW   3      0.00000000000    0.00000000000    0.01803621641    0.00000000000
 ROW   4     -0.76665358006   -0.00070402549    0.00000000000    0.96728984661
 ROW   5     -0.00104390020   -0.10623316521    0.00000000000   -0.00085327297
 ROW   6      0.00000000000    0.00000000000   -0.05555076966    0.00000000000
 ROW   7     -0.04209067444   -0.03755604924    0.00000000000   -0.09897854104
 ROW   8     -0.01571603246    0.01618816743    0.00000000000   -0.08163156953
 ROW   9      0.00000000000    0.00000000000    0.01897904563    0.00000000000
 ROW  10     -0.04125011557    0.03676919292    0.00000000000   -0.10165772562
 ROW  11      0.01526905104    0.01658818156    0.00000000000    0.08318886789
 ROW  12      0.00000000000    0.00000000000    0.01853550762    0.00000000000

                 COLUMN   5       COLUMN   6       COLUMN   7       COLUMN   8
 ROW   1     -0.00104390020    0.00000000000   -0.04209067444   -0.01571603246
 ROW   2     -0.10623316521    0.00000000000   -0.03755604924    0.01618816743
 ROW   3      0.00000000000   -0.05555076966    0.00000000000    0.00000000000
 ROW   4     -0.00085327297    0.00000000000   -0.09897854104   -0.08163156953
 ROW   5      0.60017637795    0.00000000000   -0.08361597583   -0.24797814467
 ROW   6      0.00000000000    0.17108117799    0.00000000000    0.00000000000
 ROW   7     -0.08361597583    0.00000000000    0.13172378597    0.10913860691
 ROW   8     -0.24797814467    0.00000000000    0.10913860691    0.25014568789
 ROW   9      0.00000000000   -0.05795573249    0.00000000000    0.00000000000
 ROW  10      0.08551314890    0.00000000000    0.00934542951   -0.01179100482
 ROW  11     -0.24596506807    0.00000000000    0.01203341806   -0.01835571055
 ROW  12      0.00000000000   -0.05757467534    0.00000000000    0.00000000000

                 COLUMN   9       COLUMN  10       COLUMN  11       COLUMN  12
 ROW   1      0.00000000000   -0.04125011557    0.01526905104    0.00000000000
 ROW   2      0.00000000000    0.03676919292    0.01658818156    0.00000000000
 ROW   3      0.01897904563    0.00000000000    0.00000000000    0.01853550762
 ROW   4      0.00000000000   -0.10165772562    0.08318886789    0.00000000000
 ROW   5      0.00000000000    0.08551314890   -0.24596506807    0.00000000000
 ROW   6     -0.05795573249    0.00000000000    0.00000000000   -0.05757467534
 ROW   7      0.00000000000    0.00934542951    0.01203341806    0.00000000000
 ROW   8      0.00000000000   -0.01179100482   -0.01835571055    0.00000000000
 ROW   9      0.01947391598    0.00000000000    0.00000000000    0.01950277089
 ROW  10      0.00000000000    0.13356241168   -0.11049133700    0.00000000000
 ROW  11      0.00000000000   -0.11049133700    0.24773259707    0.00000000000
 ROW  12      0.01950277089    0.00000000000    0.00000000000    0.01953639683
  Transformation matrix 

                 COLUMN   1       COLUMN   2       COLUMN   3
 ROW   1      0.00000000000   -0.00000000000    1.00000000000
 ROW   2      0.00153898194   -0.99999881577   -0.00000000000
 ROW   3      0.99999881577    0.00153898194   -0.00000000000
  Force constant matrix after transformation 

                 COLUMN   1       COLUMN   2       COLUMN   3       COLUMN   4
 ROW   1      0.01803621641    0.00000000000    0.00000000000   -0.05555076966
 ROW   2      0.00000000000    0.07345406654   -0.00029579870   -0.00000000000
 ROW   3      0.00000000000   -0.00029579870    0.84999711974   -0.00000000000
 ROW   4     -0.05555076966   -0.00000000000   -0.00000000000    0.17108117799
 ROW   5     -0.00000000000   -0.10623203937    0.00002752217    0.00000000000
 ROW   6     -0.00000000000   -0.00031235253   -0.76665470590    0.00000000000
 ROW   7      0.01897904563    0.00000000000   -0.00000000000   -0.05795573249
 ROW   8      0.00000000000    0.01627001407    0.01562621631   -0.00000000000
 ROW   9      0.00000000000    0.03746623309   -0.04217252109    0.00000000000
 ROW  10      0.01853550762   -0.00000000000   -0.00000000000   -0.05757467534
 ROW  11     -0.00000000000    0.01650795875   -0.01535793978   -0.00000000000
 ROW  12     -0.00000000000   -0.03685808166   -0.04116989276   -0.00000000000

                 COLUMN   5       COLUMN   6       COLUMN   7       COLUMN   8
 ROW   1     -0.00000000000   -0.00000000000    0.01897904563    0.00000000000
 ROW   2     -0.10623203937   -0.00031235253    0.00000000000    0.01627001407
 ROW   3      0.00002752217   -0.76665470590   -0.00000000000    0.01562621631
 ROW   4      0.00000000000    0.00000000000   -0.05795573249   -0.00000000000
 ROW   5      0.60017987379    0.00141824925   -0.00000000000   -0.24772347908
 ROW   6      0.00141824925    0.96728635078    0.00000000000    0.08186048557
 ROW   7     -0.00000000000    0.00000000000    0.01947391598    0.00000000000
 ROW   8     -0.24772347908    0.08186048557    0.00000000000    0.24980948312
 ROW   9      0.08384489187   -0.09923320663   -0.00000000000   -0.10932033888
 ROW  10     -0.00000000000   -0.00000000000    0.01950277089   -0.00000000000
 ROW  11     -0.24622435534   -0.08296638220   -0.00000000000   -0.01835601801
 ROW  12     -0.08529066320   -0.10139843836    0.00000000000    0.01183363690

                 COLUMN   9       COLUMN  10       COLUMN  11       COLUMN  12
 ROW   1      0.00000000000    0.01853550762   -0.00000000000   -0.00000000000
 ROW   2      0.03746623309   -0.00000000000    0.01650795875   -0.03685808166
 ROW   3     -0.04217252109   -0.00000000000   -0.01535793978   -0.04116989276
 ROW   4      0.00000000000   -0.05757467534   -0.00000000000   -0.00000000000
 ROW   5      0.08384489187   -0.00000000000   -0.24622435534   -0.08529066320
 ROW   6     -0.09923320663   -0.00000000000   -0.08296638220   -0.10139843836
 ROW   7     -0.00000000000    0.01950277089   -0.00000000000    0.00000000000
 ROW   8     -0.10932033888   -0.00000000000   -0.01835601801    0.01183363690
 ROW   9      0.13205999074   -0.00000000000   -0.01199078599    0.00934573697
 ROW  10     -0.00000000000    0.01953639683    0.00000000000    0.00000000000
 ROW  11     -0.01199078599    0.00000000000    0.24807241460    0.11031510796
 ROW  12      0.00934573697    0.00000000000    0.11031510796    0.13322259414
  @SETGEOM-I, Using symmetry to generate FCM for negative direction
              along normal coordinate   8.
 @CHECKOUT-I, Total execution time (CPU/WALL):        0.01/       0.02 seconds.
 @GETMEM-I,  Allocated    4768 MB of main memory.
  Data from point                      5
  Force constant matrix before transformation 

                 COLUMN   1       COLUMN   2       COLUMN   3       COLUMN   4
 ROW   1      0.01878526740    0.00000000000    0.00000000000   -0.05605247473
 ROW   2      0.00000000000    0.07369115410    0.00000000000    0.00000000000
 ROW   3      0.00000000000    0.00000000000    0.84513636546    0.00000000000
 ROW   4     -0.05605247473    0.00000000000    0.00000000000    0.17165041990
 ROW   5      0.00000000000   -0.10656808655    0.00000000000    0.00000000000
 ROW   6      0.00000000000    0.00000000000   -0.76251950884    0.00000000000
 ROW   7      0.01863360367    0.00000000000    0.00000000000   -0.05779897263
 ROW   8      0.00000000000    0.01643846623    0.01535794265    0.00000000000
 ROW   9      0.00000000000    0.03685253813   -0.04130842831    0.00000000000
 ROW  10      0.01863360367    0.00000000000    0.00000000000   -0.05779897263
 ROW  11      0.00000000000    0.01643846623   -0.01535794265    0.00000000000
 ROW  12      0.00000000000   -0.03685253813   -0.04130842831    0.00000000000

                 COLUMN   5       COLUMN   6       COLUMN   7       COLUMN   8
 ROW   1      0.00000000000    0.00000000000    0.01863360367    0.00000000000
 ROW   2     -0.10656808655    0.00000000000    0.00000000000    0.01643846623
 ROW   3      0.00000000000   -0.76251950884    0.00000000000    0.01535794265
 ROW   4      0.00000000000    0.00000000000   -0.05779897263    0.00000000000
 ROW   5      0.59836155904    0.00000000000    0.00000000000   -0.24589673624
 ROW   6      0.00000000000    0.96471833825    0.00000000000    0.08257913024
 ROW   7      0.00000000000    0.00000000000    0.01946709153    0.00000000000
 ROW   8     -0.24589673624    0.08257913024    0.00000000000    0.24825202619
 ROW   9      0.08501924278   -0.10109941470    0.00000000000   -0.10990442690
 ROW  10      0.00000000000    0.00000000000    0.01969827744    0.00000000000
 ROW  11     -0.24589673624   -0.08257913024    0.00000000000   -0.01879375618
 ROW  12     -0.08501924278   -0.10109941470    0.00000000000    0.01196735402

                 COLUMN   9       COLUMN  10       COLUMN  11       COLUMN  12
 ROW   1      0.00000000000    0.01863360367    0.00000000000    0.00000000000
 ROW   2      0.03685253813    0.00000000000    0.01643846623   -0.03685253813
 ROW   3     -0.04130842831    0.00000000000   -0.01535794265   -0.04130842831
 ROW   4      0.00000000000   -0.05779897263    0.00000000000    0.00000000000
 ROW   5      0.08501924278    0.00000000000   -0.24589673624   -0.08501924278
 ROW   6     -0.10109941470    0.00000000000   -0.08257913024   -0.10109941470
 ROW   7      0.00000000000    0.01969827744    0.00000000000    0.00000000000
 ROW   8     -0.10990442690    0.00000000000   -0.01879375618    0.01196735402
 ROW   9      0.13301943969    0.00000000000   -0.01196735402    0.00938840332
 ROW  10      0.00000000000    0.01946709153    0.00000000000    0.00000000000
 ROW  11     -0.01196735402    0.00000000000    0.24825202619    0.10990442690
 ROW  12      0.00938840332    0.00000000000    0.10990442690    0.13301943969
  Transformation matrix 

                 COLUMN   1       COLUMN   2       COLUMN   3
 ROW   1      1.00000000000    0.00000000000   -0.00000000000
 ROW   2      0.00000000000   -1.00000000000    0.00000000000
 ROW   3     -0.00000000000    0.00000000000   -1.00000000000
  Force constant matrix after transformation 

                 COLUMN   1       COLUMN   2       COLUMN   3       COLUMN   4
 ROW   1      0.01878526740   -0.00000000000    0.00000000000   -0.05605247473
 ROW   2     -0.00000000000    0.07369115410   -0.00000000000    0.00000000000
 ROW   3      0.00000000000   -0.00000000000    0.84513636546   -0.00000000000
 ROW   4     -0.05605247473    0.00000000000   -0.00000000000    0.17165041990
 ROW   5      0.00000000000   -0.10656808655    0.00000000000   -0.00000000000
 ROW   6     -0.00000000000    0.00000000000   -0.76251950884    0.00000000000
 ROW   7      0.01863360367    0.00000000000   -0.00000000000   -0.05779897263
 ROW   8      0.00000000000    0.01643846623    0.01535794265    0.00000000000
 ROW   9     -0.00000000000    0.03685253813   -0.04130842831   -0.00000000000
 ROW  10      0.01863360367   -0.00000000000   -0.00000000000   -0.05779897263
 ROW  11     -0.00000000000    0.01643846623   -0.01535794265    0.00000000000
 ROW  12     -0.00000000000   -0.03685253813   -0.04130842831    0.00000000000

                 COLUMN   5       COLUMN   6       COLUMN   7       COLUMN   8
 ROW   1      0.00000000000   -0.00000000000    0.01863360367    0.00000000000
 ROW   2     -0.10656808655    0.00000000000    0.00000000000    0.01643846623
 ROW   3      0.00000000000   -0.76251950884   -0.00000000000    0.01535794265
 ROW   4     -0.00000000000    0.00000000000   -0.05779897263    0.00000000000
 ROW   5      0.59836155904   -0.00000000000    0.00000000000   -0.24589673624
 ROW   6     -0.00000000000    0.96471833825   -0.00000000000    0.08257913024
 ROW   7      0.00000000000   -0.00000000000    0.01946709153   -0.00000000000
 ROW   8     -0.24589673624    0.08257913024   -0.00000000000    0.24825202619
 ROW   9      0.08501924278   -0.10109941470    0.00000000000   -0.10990442690
 ROW  10      0.00000000000    0.00000000000    0.01969827744    0.00000000000
 ROW  11     -0.24589673624   -0.08257913024    0.00000000000   -0.01879375618
 ROW  12     -0.08501924278   -0.10109941470   -0.00000000000    0.01196735402

                 COLUMN   9       COLUMN  10       COLUMN  11       COLUMN  12
 ROW   1     -0.00000000000    0.01863360367   -0.00000000000   -0.00000000000
 ROW   2      0.03685253813   -0.00000000000    0.01643846623   -0.03685253813
 ROW   3     -0.04130842831   -0.00000000000   -0.01535794265   -0.04130842831
 ROW   4     -0.00000000000   -0.05779897263    0.00000000000    0.00000000000
 ROW   5      0.08501924278    0.00000000000   -0.24589673624   -0.08501924278
 ROW   6     -0.10109941470    0.00000000000   -0.08257913024   -0.10109941470
 ROW   7      0.00000000000    0.01969827744    0.00000000000   -0.00000000000
 ROW   8     -0.10990442690    0.00000000000   -0.01879375618    0.01196735402
 ROW   9      0.13301943969    0.00000000000   -0.01196735402    0.00938840332
 ROW  10      0.00000000000    0.01946709153   -0.00000000000   -0.00000000000
 ROW  11     -0.01196735402   -0.00000000000    0.24825202619    0.10990442690
 ROW  12      0.00938840332   -0.00000000000    0.10990442690    0.13301943969
 @CHECKOUT-I, Total execution time (CPU/WALL):        0.01/       0.02 seconds.
 @GETMEM-I,  Allocated    4768 MB of main memory.
  Data from point                      6
  Force constant matrix before transformation 

                 COLUMN   1       COLUMN   2       COLUMN   3       COLUMN   4
 ROW   1      0.01728628367    0.00000000000    0.00000000000   -0.05504769938
 ROW   2      0.00000000000    0.07321506021    0.00000000000    0.00000000000
 ROW   3      0.00000000000    0.00000000000    0.85488444787    0.00000000000
 ROW   4     -0.05504769938    0.00000000000    0.00000000000    0.17050630678
 ROW   5      0.00000000000   -0.10589302856    0.00000000000    0.00000000000
 ROW   6      0.00000000000    0.00000000000   -0.77082245674    0.00000000000
 ROW   7      0.01888070786    0.00000000000    0.00000000000   -0.05772930370
 ROW   8      0.00000000000    0.01633898417    0.01562439548    0.00000000000
 ROW   9      0.00000000000    0.03747240016   -0.04203099557    0.00000000000
 ROW  10      0.01888070786    0.00000000000    0.00000000000   -0.05772930370
 ROW  11      0.00000000000    0.01633898417   -0.01562439548    0.00000000000
 ROW  12      0.00000000000   -0.03747240016   -0.04203099557    0.00000000000

                 COLUMN   5       COLUMN   6       COLUMN   7       COLUMN   8
 ROW   1      0.00000000000    0.00000000000    0.01888070786    0.00000000000
 ROW   2     -0.10589302856    0.00000000000    0.00000000000    0.01633898417
 ROW   3      0.00000000000   -0.77082245674    0.00000000000    0.01562439548
 ROW   4      0.00000000000    0.00000000000   -0.05772930370    0.00000000000
 ROW   5      0.60201702948    0.00000000000    0.00000000000   -0.24806200046
 ROW   6      0.00000000000    0.96988071199    0.00000000000    0.08225617483
 ROW   7      0.00000000000    0.00000000000    0.01953971824    0.00000000000
 ROW   8     -0.24806200046    0.08225617483    0.00000000000    0.24964645005
 ROW   9      0.08411912094   -0.09952912757    0.00000000000   -0.10973604570
 ROW  10      0.00000000000    0.00000000000    0.01930887760    0.00000000000
 ROW  11     -0.24806200046   -0.08225617483    0.00000000000   -0.01792343376
 ROW  12     -0.08411912094   -0.09952912757    0.00000000000    0.01185547539

                 COLUMN   9       COLUMN  10       COLUMN  11       COLUMN  12
 ROW   1      0.00000000000    0.01888070786    0.00000000000    0.00000000000
 ROW   2      0.03747240016    0.00000000000    0.01633898417   -0.03747240016
 ROW   3     -0.04203099557    0.00000000000   -0.01562439548   -0.04203099557
 ROW   4      0.00000000000   -0.05772930370    0.00000000000    0.00000000000
 ROW   5      0.08411912094    0.00000000000   -0.24806200046   -0.08411912094
 ROW   6     -0.09952912757    0.00000000000   -0.08225617483   -0.09952912757
 ROW   7      0.00000000000    0.01930887760    0.00000000000    0.00000000000
 ROW   8     -0.10973604570    0.00000000000   -0.01792343376    0.01185547539
 ROW   9      0.13225515797    0.00000000000   -0.01185547539    0.00930496517
 ROW  10      0.00000000000    0.01953971824    0.00000000000    0.00000000000
 ROW  11     -0.01185547539    0.00000000000    0.24964645005    0.10973604570
 ROW  12      0.00930496517    0.00000000000    0.10973604570    0.13225515797
  Transformation matrix 

                 COLUMN   1       COLUMN   2       COLUMN   3
 ROW   1      1.00000000000    0.00000000000   -0.00000000000
 ROW   2      0.00000000000   -1.00000000000    0.00000000000
 ROW   3     -0.00000000000   -0.00000000000   -1.00000000000
  Force constant matrix after transformation 

                 COLUMN   1       COLUMN   2       COLUMN   3       COLUMN   4
 ROW   1      0.01728628367   -0.00000000000    0.00000000000   -0.05504769938
 ROW   2     -0.00000000000    0.07321506021   -0.00000000000    0.00000000000
 ROW   3      0.00000000000   -0.00000000000    0.85488444787   -0.00000000000
 ROW   4     -0.05504769938    0.00000000000   -0.00000000000    0.17050630678
 ROW   5      0.00000000000   -0.10589302856    0.00000000000   -0.00000000000
 ROW   6     -0.00000000000    0.00000000000   -0.77082245674    0.00000000000
 ROW   7      0.01888070786    0.00000000000   -0.00000000000   -0.05772930370
 ROW   8      0.00000000000    0.01633898417    0.01562439548    0.00000000000
 ROW   9     -0.00000000000    0.03747240016   -0.04203099557   -0.00000000000
 ROW  10      0.01888070786   -0.00000000000   -0.00000000000   -0.05772930370
 ROW  11     -0.00000000000    0.01633898417   -0.01562439548    0.00000000000
 ROW  12     -0.00000000000   -0.03747240016   -0.04203099557    0.00000000000

                 COLUMN   5       COLUMN   6       COLUMN   7       COLUMN   8
 ROW   1      0.00000000000   -0.00000000000    0.01888070786    0.00000000000
 ROW   2     -0.10589302856    0.00000000000    0.00000000000    0.01633898417
 ROW   3      0.00000000000   -0.77082245674   -0.00000000000    0.01562439548
 ROW   4     -0.00000000000    0.00000000000   -0.05772930370    0.00000000000
 ROW   5      0.60201702948   -0.00000000000    0.00000000000   -0.24806200046
 ROW   6     -0.00000000000    0.96988071199   -0.00000000000    0.08225617483
 ROW   7      0.00000000000   -0.00000000000    0.01953971824   -0.00000000000
 ROW   8     -0.24806200046    0.08225617483   -0.00000000000    0.24964645005
 ROW   9      0.08411912094   -0.09952912757    0.00000000000   -0.10973604570
 ROW  10      0.00000000000    0.00000000000    0.01930887760    0.00000000000
 ROW  11     -0.24806200046   -0.08225617483    0.00000000000   -0.01792343376
 ROW  12     -0.08411912094   -0.09952912757   -0.00000000000    0.01185547539

                 COLUMN   9       COLUMN  10       COLUMN  11       COLUMN  12
 ROW   1     -0.00000000000    0.01888070786   -0.00000000000   -0.00000000000
 ROW   2      0.03747240016   -0.00000000000    0.01633898417   -0.03747240016
 ROW   3     -0.04203099557   -0.00000000000   -0.01562439548   -0.04203099557
 ROW   4     -0.00000000000   -0.05772930370    0.00000000000    0.00000000000
 ROW   5      0.08411912094    0.00000000000   -0.24806200046   -0.08411912094
 ROW   6     -0.09952912757    0.00000000000   -0.08225617483   -0.09952912757
 ROW   7      0.00000000000    0.01930887760    0.00000000000   -0.00000000000
 ROW   8     -0.10973604570    0.00000000000   -0.01792343376    0.01185547539
 ROW   9      0.13225515797    0.00000000000   -0.01185547539    0.00930496517
 ROW  10      0.00000000000    0.01953971824   -0.00000000000   -0.00000000000
 ROW  11     -0.01185547539   -0.00000000000    0.24964645005    0.10973604570
 ROW  12      0.00930496517   -0.00000000000    0.10973604570    0.13225515797
 @CHECKOUT-I, Total execution time (CPU/WALL):        0.01/       0.02 seconds.
 @GETMEM-I,  Allocated    4768 MB of main memory.
  Data from point                      7
  Force constant matrix before transformation 

                 COLUMN   1       COLUMN   2       COLUMN   3       COLUMN   4
 ROW   1      0.01947599199    0.00000000000    0.00000000000   -0.05681936978
 ROW   2      0.00000000000    0.07466610776    0.00000000000    0.00000000000
 ROW   3      0.00000000000    0.00000000000    0.83609996423    0.00000000000
 ROW   4     -0.05681936978    0.00000000000    0.00000000000    0.17196968434
 ROW   5      0.00000000000   -0.10728354638    0.00000000000    0.00000000000
 ROW   6      0.00000000000    0.00000000000   -0.75310373186    0.00000000000
 ROW   7      0.01867168890    0.00000000000    0.00000000000   -0.05757515728
 ROW   8      0.00000000000    0.01630871931    0.01529992292    0.00000000000
 ROW   9      0.00000000000    0.03703385408   -0.04149811618    0.00000000000
 ROW  10      0.01867168890    0.00000000000    0.00000000000   -0.05757515728
 ROW  11      0.00000000000    0.01630871931   -0.01529992292    0.00000000000
 ROW  12      0.00000000000   -0.03703385408   -0.04149811618    0.00000000000

                 COLUMN   5       COLUMN   6       COLUMN   7       COLUMN   8
 ROW   1      0.00000000000    0.00000000000    0.01867168890    0.00000000000
 ROW   2     -0.10728354638    0.00000000000    0.00000000000    0.01630871931
 ROW   3      0.00000000000   -0.75310373186    0.00000000000    0.01529992292
 ROW   4      0.00000000000    0.00000000000   -0.05757515728    0.00000000000
 ROW   5      0.60289117813    0.00000000000    0.00000000000   -0.24780381593
 ROW   6      0.00000000000    0.95330642585    0.00000000000    0.08264302412
 ROW   7      0.00000000000    0.00000000000    0.01953225221    0.00000000000
 ROW   8     -0.24780381593    0.08264302412    0.00000000000    0.24955239272
 ROW   9      0.08470950409   -0.10010134700    0.00000000000   -0.10984315260
 ROW  10      0.00000000000    0.00000000000    0.01937121617    0.00000000000
 ROW  11     -0.24780381593   -0.08264302412    0.00000000000   -0.01805729610
 ROW  12     -0.08470950409   -0.10010134700    0.00000000000    0.01190020557

                 COLUMN   9       COLUMN  10       COLUMN  11       COLUMN  12
 ROW   1      0.00000000000    0.01867168890    0.00000000000    0.00000000000
 ROW   2      0.03703385408    0.00000000000    0.01630871931   -0.03703385408
 ROW   3     -0.04149811618    0.00000000000   -0.01529992292   -0.04149811618
 ROW   4      0.00000000000   -0.05757515728    0.00000000000    0.00000000000
 ROW   5      0.08470950409    0.00000000000   -0.24780381593   -0.08470950409
 ROW   6     -0.10010134700    0.00000000000   -0.08264302412   -0.10010134700
 ROW   7      0.00000000000    0.01937121617    0.00000000000    0.00000000000
 ROW   8     -0.10984315260    0.00000000000   -0.01805729610    0.01190020557
 ROW   9      0.13226964407    0.00000000000   -0.01190020557    0.00932981911
 ROW  10      0.00000000000    0.01953225221    0.00000000000    0.00000000000
 ROW  11     -0.01190020557    0.00000000000    0.24955239272    0.10984315260
 ROW  12      0.00932981911    0.00000000000    0.10984315260    0.13226964407
  Transformation matrix 

                 COLUMN   1       COLUMN   2       COLUMN   3
 ROW   1      1.00000000000    0.00000000000   -0.00000000000
 ROW   2      0.00000000000   -1.00000000000   -0.00000000000
 ROW   3     -0.00000000000    0.00000000000   -1.00000000000
  Force constant matrix after transformation 

                 COLUMN   1       COLUMN   2       COLUMN   3       COLUMN   4
 ROW   1      0.01947599199   -0.00000000000    0.00000000000   -0.05681936978
 ROW   2     -0.00000000000    0.07466610776    0.00000000000    0.00000000000
 ROW   3      0.00000000000    0.00000000000    0.83609996423   -0.00000000000
 ROW   4     -0.05681936978    0.00000000000   -0.00000000000    0.17196968434
 ROW   5      0.00000000000   -0.10728354638   -0.00000000000   -0.00000000000
 ROW   6     -0.00000000000   -0.00000000000   -0.75310373186    0.00000000000
 ROW   7      0.01867168890    0.00000000000   -0.00000000000   -0.05757515728
 ROW   8      0.00000000000    0.01630871931    0.01529992292    0.00000000000
 ROW   9     -0.00000000000    0.03703385408   -0.04149811618   -0.00000000000
 ROW  10      0.01867168890   -0.00000000000   -0.00000000000   -0.05757515728
 ROW  11     -0.00000000000    0.01630871931   -0.01529992292    0.00000000000
 ROW  12     -0.00000000000   -0.03703385408   -0.04149811618    0.00000000000

                 COLUMN   5       COLUMN   6       COLUMN   7       COLUMN   8
 ROW   1      0.00000000000   -0.00000000000    0.01867168890    0.00000000000
 ROW   2     -0.10728354638   -0.00000000000    0.00000000000    0.01630871931
 ROW   3     -0.00000000000   -0.75310373186   -0.00000000000    0.01529992292
 ROW   4     -0.00000000000    0.00000000000   -0.05757515728    0.00000000000
 ROW   5      0.60289117813    0.00000000000    0.00000000000   -0.24780381593
 ROW   6      0.00000000000    0.95330642585   -0.00000000000    0.08264302412
 ROW   7      0.00000000000   -0.00000000000    0.01953225221   -0.00000000000
 ROW   8     -0.24780381593    0.08264302412   -0.00000000000    0.24955239272
 ROW   9      0.08470950409   -0.10010134700    0.00000000000   -0.10984315260
 ROW  10      0.00000000000    0.00000000000    0.01937121617    0.00000000000
 ROW  11     -0.24780381593   -0.08264302412    0.00000000000   -0.01805729610
 ROW  12     -0.08470950409   -0.10010134700   -0.00000000000    0.01190020557

                 COLUMN   9       COLUMN  10       COLUMN  11       COLUMN  12
 ROW   1     -0.00000000000    0.01867168890   -0.00000000000   -0.00000000000
 ROW   2      0.03703385408   -0.00000000000    0.01630871931   -0.03703385408
 ROW   3     -0.04149811618   -0.00000000000   -0.01529992292   -0.04149811618
 ROW   4     -0.00000000000   -0.05757515728    0.00000000000    0.00000000000
 ROW   5      0.08470950409    0.00000000000   -0.24780381593   -0.08470950409
 ROW   6     -0.10010134700    0.00000000000   -0.08264302412   -0.10010134700
 ROW   7      0.00000000000    0.01937121617    0.00000000000   -0.00000000000
 ROW   8     -0.10984315260    0.00000000000   -0.01805729610    0.01190020557
 ROW   9      0.13226964407    0.00000000000   -0.01190020557    0.00932981911
 ROW  10      0.00000000000    0.01953225221   -0.00000000000   -0.00000000000
 ROW  11     -0.01190020557   -0.00000000000    0.24955239272    0.10984315260
 ROW  12      0.00932981911   -0.00000000000    0.10984315260    0.13226964407
 @CHECKOUT-I, Total execution time (CPU/WALL):        0.01/       0.02 seconds.
 @GETMEM-I,  Allocated    4768 MB of main memory.
  Data from point                      8
  Force constant matrix before transformation 

                 COLUMN   1       COLUMN   2       COLUMN   3       COLUMN   4
 ROW   1      0.01656864534    0.00000000000    0.00000000000   -0.05425327507
 ROW   2      0.00000000000    0.07221058206    0.00000000000    0.00000000000
 ROW   3      0.00000000000    0.00000000000    0.86410132736    0.00000000000
 ROW   4     -0.05425327507    0.00000000000    0.00000000000    0.17015643405
 ROW   5      0.00000000000   -0.10515335294    0.00000000000    0.00000000000
 ROW   6      0.00000000000    0.00000000000   -0.78041880532    0.00000000000
 ROW   7      0.01884231486    0.00000000000    0.00000000000   -0.05795157944
 ROW   8      0.00000000000    0.01647138544    0.01567889530    0.00000000000
 ROW   9      0.00000000000    0.03729084091   -0.04184126102    0.00000000000
 ROW  10      0.01884231486    0.00000000000    0.00000000000   -0.05795157944
 ROW  11      0.00000000000    0.01647138544   -0.01567889530    0.00000000000
 ROW  12      0.00000000000   -0.03729084091   -0.04184126102    0.00000000000

                 COLUMN   5       COLUMN   6       COLUMN   7       COLUMN   8
 ROW   1      0.00000000000    0.00000000000    0.01884231486    0.00000000000
 ROW   2     -0.10515335294    0.00000000000    0.00000000000    0.01647138544
 ROW   3      0.00000000000   -0.78041880532    0.00000000000    0.01567889530
 ROW   4      0.00000000000    0.00000000000   -0.05795157944    0.00000000000
 ROW   5      0.59751044854    0.00000000000    0.00000000000   -0.24617854775
 ROW   6      0.00000000000    0.98148898032    0.00000000000    0.08220797553
 ROW   7      0.00000000000    0.00000000000    0.01947387913    0.00000000000
 ROW   8     -0.24617854775    0.08220797553    0.00000000000    0.24836577650
 ROW   9      0.08444532349   -0.10053508750    0.00000000000   -0.10981151759
 ROW  10      0.00000000000    0.00000000000    0.01963538544    0.00000000000
 ROW  11     -0.24617854775   -0.08220797553    0.00000000000   -0.01865861419
 ROW  12     -0.08444532349   -0.10053508750    0.00000000000    0.01192464681

                 COLUMN   9       COLUMN  10       COLUMN  11       COLUMN  12
 ROW   1      0.00000000000    0.01884231486    0.00000000000    0.00000000000
 ROW   2      0.03729084091    0.00000000000    0.01647138544   -0.03729084091
 ROW   3     -0.04184126102    0.00000000000   -0.01567889530   -0.04184126102
 ROW   4      0.00000000000   -0.05795157944    0.00000000000    0.00000000000
 ROW   5      0.08444532349    0.00000000000   -0.24617854775   -0.08444532349
 ROW   6     -0.10053508750    0.00000000000   -0.08220797553   -0.10053508750
 ROW   7      0.00000000000    0.01963538544    0.00000000000    0.00000000000
 ROW   8     -0.10981151759    0.00000000000   -0.01865861419    0.01192464681
 ROW   9      0.13301218027    0.00000000000   -0.01192464681    0.00936416825
 ROW  10      0.00000000000    0.01947387913    0.00000000000    0.00000000000
 ROW  11     -0.01192464681    0.00000000000    0.24836577650    0.10981151759
 ROW  12      0.00936416825    0.00000000000    0.10981151759    0.13301218027
  Transformation matrix 

                 COLUMN   1       COLUMN   2       COLUMN   3
 ROW   1      1.00000000000    0.00000000000   -0.00000000000
 ROW   2      0.00000000000   -1.00000000000    0.00000000000
 ROW   3     -0.00000000000   -0.00000000000   -1.00000000000
  Force constant matrix after transformation 

                 COLUMN   1       COLUMN   2       COLUMN   3       COLUMN   4
 ROW   1      0.01656864534   -0.00000000000    0.00000000000   -0.05425327507
 ROW   2     -0.00000000000    0.07221058206   -0.00000000000    0.00000000000
 ROW   3      0.00000000000   -0.00000000000    0.86410132736   -0.00000000000
 ROW   4     -0.05425327507    0.00000000000   -0.00000000000    0.17015643405
 ROW   5      0.00000000000   -0.10515335294    0.00000000000   -0.00000000000
 ROW   6     -0.00000000000    0.00000000000   -0.78041880532    0.00000000000
 ROW   7      0.01884231486    0.00000000000   -0.00000000000   -0.05795157944
 ROW   8      0.00000000000    0.01647138544    0.01567889530    0.00000000000
 ROW   9     -0.00000000000    0.03729084091   -0.04184126102   -0.00000000000
 ROW  10      0.01884231486   -0.00000000000   -0.00000000000   -0.05795157944
 ROW  11     -0.00000000000    0.01647138544   -0.01567889530    0.00000000000
 ROW  12     -0.00000000000   -0.03729084091   -0.04184126102    0.00000000000

                 COLUMN   5       COLUMN   6       COLUMN   7       COLUMN   8
 ROW   1      0.00000000000   -0.00000000000    0.01884231486    0.00000000000
 ROW   2     -0.10515335294    0.00000000000    0.00000000000    0.01647138544
 ROW   3      0.00000000000   -0.78041880532   -0.00000000000    0.01567889530
 ROW   4     -0.00000000000    0.00000000000   -0.05795157944    0.00000000000
 ROW   5      0.59751044854   -0.00000000000    0.00000000000   -0.24617854775
 ROW   6     -0.00000000000    0.98148898032   -0.00000000000    0.08220797553
 ROW   7      0.00000000000   -0.00000000000    0.01947387913   -0.00000000000
 ROW   8     -0.24617854775    0.08220797553   -0.00000000000    0.24836577650
 ROW   9      0.08444532349   -0.10053508750    0.00000000000   -0.10981151759
 ROW  10      0.00000000000    0.00000000000    0.01963538544    0.00000000000
 ROW  11     -0.24617854775   -0.08220797553    0.00000000000   -0.01865861419
 ROW  12     -0.08444532349   -0.10053508750   -0.00000000000    0.01192464681

                 COLUMN   9       COLUMN  10       COLUMN  11       COLUMN  12
 ROW   1     -0.00000000000    0.01884231486   -0.00000000000   -0.00000000000
 ROW   2      0.03729084091   -0.00000000000    0.01647138544   -0.03729084091
 ROW   3     -0.04184126102   -0.00000000000   -0.01567889530   -0.04184126102
 ROW   4     -0.00000000000   -0.05795157944    0.00000000000    0.00000000000
 ROW   5      0.08444532349    0.00000000000   -0.24617854775   -0.08444532349
 ROW   6     -0.10053508750    0.00000000000   -0.08220797553   -0.10053508750
 ROW   7      0.00000000000    0.01963538544    0.00000000000   -0.00000000000
 ROW   8     -0.10981151759    0.00000000000   -0.01865861419    0.01192464681
 ROW   9      0.13301218027    0.00000000000   -0.01192464681    0.00936416825
 ROW  10      0.00000000000    0.01947387913   -0.00000000000   -0.00000000000
 ROW  11     -0.01192464681   -0.00000000000    0.24836577650    0.10981151759
 ROW  12      0.00936416825   -0.00000000000    0.10981151759    0.13301218027
 @CHECKOUT-I, Total execution time (CPU/WALL):        0.01/       0.02 seconds.
 @GETMEM-I,  Allocated    4768 MB of main memory.
  Data from point                      9
  Force constant matrix before transformation 

                 COLUMN   1       COLUMN   2       COLUMN   3       COLUMN   4
 ROW   1      0.01805672704    0.00000000000    0.00000000000   -0.05541546803
 ROW   2      0.00000000000    0.07342229364    0.00000000000    0.00000000000
 ROW   3      0.00000000000    0.00000000000    0.85058723972    0.00000000000
 ROW   4     -0.05541546803    0.00000000000    0.00000000000    0.17221754876
 ROW   5      0.00000000000   -0.10596424685    0.00000000000    0.00000000000
 ROW   6      0.00000000000    0.00000000000   -0.76739747756    0.00000000000
 ROW   7      0.01867937050    0.00000000000    0.00000000000   -0.05840104036
 ROW   8      0.00000000000    0.01627097661    0.01565084478    0.00000000000
 ROW   9      0.00000000000    0.03702510584   -0.04159488108    0.00000000000
 ROW  10      0.01867937050    0.00000000000    0.00000000000   -0.05840104036
 ROW  11      0.00000000000    0.01627097661   -0.01565084478    0.00000000000
 ROW  12      0.00000000000   -0.03702510584   -0.04159488108    0.00000000000

                 COLUMN   5       COLUMN   6       COLUMN   7       COLUMN   8
 ROW   1      0.00000000000    0.00000000000    0.01867937050    0.00000000000
 ROW   2     -0.10596424685    0.00000000000    0.00000000000    0.01627097661
 ROW   3      0.00000000000   -0.76739747756    0.00000000000    0.01565084478
 ROW   4      0.00000000000    0.00000000000   -0.05840104036    0.00000000000
 ROW   5      0.58956707074    0.00000000000    0.00000000000   -0.24180141199
 ROW   6      0.00000000000    0.96501989282    0.00000000000    0.07902625004
 ROW   7      0.00000000000    0.00000000000    0.02042092264    0.00000000000
 ROW   8     -0.24180141199    0.07902625004    0.00000000000    0.24376144899
 ROW   9      0.08120186746   -0.09881120758    0.00000000000   -0.10645203406
 ROW  10      0.00000000000    0.00000000000    0.01930074722    0.00000000000
 ROW  11     -0.24180141199   -0.07902625004    0.00000000000   -0.01823101360
 ROW  12     -0.08120186746   -0.09881120758    0.00000000000    0.01177493924

                 COLUMN   9       COLUMN  10       COLUMN  11       COLUMN  12
 ROW   1      0.00000000000    0.01867937050    0.00000000000    0.00000000000
 ROW   2      0.03702510584    0.00000000000    0.01627097661   -0.03702510584
 ROW   3     -0.04159488108    0.00000000000   -0.01565084478   -0.04159488108
 ROW   4      0.00000000000   -0.05840104036    0.00000000000    0.00000000000
 ROW   5      0.08120186746    0.00000000000   -0.24180141199   -0.08120186746
 ROW   6     -0.09881120758    0.00000000000   -0.07902625004   -0.09881120758
 ROW   7      0.00000000000    0.01930074722    0.00000000000    0.00000000000
 ROW   8     -0.10645203406    0.00000000000   -0.01823101360    0.01177493924
 ROW   9      0.13115469365    0.00000000000   -0.01177493924    0.00925139501
 ROW  10      0.00000000000    0.02042092264    0.00000000000    0.00000000000
 ROW  11     -0.01177493924    0.00000000000    0.24376144899    0.10645203406
 ROW  12      0.00925139501    0.00000000000    0.10645203406    0.13115469365
  Transformation matrix 

                 COLUMN   1       COLUMN   2       COLUMN   3
 ROW   1      1.00000000000    0.00000000000   -0.00000000000
 ROW   2      0.00000000000   -1.00000000000   -0.00000000000
 ROW   3     -0.00000000000   -0.00000000000   -1.00000000000
  Force constant matrix after transformation 

                 COLUMN   1       COLUMN   2       COLUMN   3       COLUMN   4
 ROW   1      0.01805672704   -0.00000000000    0.00000000000   -0.05541546803
 ROW   2     -0.00000000000    0.07342229364    0.00000000000    0.00000000000
 ROW   3      0.00000000000    0.00000000000    0.85058723972   -0.00000000000
 ROW   4     -0.05541546803    0.00000000000   -0.00000000000    0.17221754876
 ROW   5      0.00000000000   -0.10596424685   -0.00000000000   -0.00000000000
 ROW   6     -0.00000000000   -0.00000000000   -0.76739747756    0.00000000000
 ROW   7      0.01867937050    0.00000000000   -0.00000000000   -0.05840104036
 ROW   8      0.00000000000    0.01627097661    0.01565084478    0.00000000000
 ROW   9     -0.00000000000    0.03702510584   -0.04159488108   -0.00000000000
 ROW  10      0.01867937050   -0.00000000000   -0.00000000000   -0.05840104036
 ROW  11     -0.00000000000    0.01627097661   -0.01565084478    0.00000000000
 ROW  12     -0.00000000000   -0.03702510584   -0.04159488108    0.00000000000

                 COLUMN   5       COLUMN   6       COLUMN   7       COLUMN   8
 ROW   1      0.00000000000   -0.00000000000    0.01867937050    0.00000000000
 ROW   2     -0.10596424685   -0.00000000000    0.00000000000    0.01627097661
 ROW   3     -0.00000000000   -0.76739747756   -0.00000000000    0.01565084478
 ROW   4     -0.00000000000    0.00000000000   -0.05840104036    0.00000000000
 ROW   5      0.58956707074    0.00000000000    0.00000000000   -0.24180141199
 ROW   6      0.00000000000    0.96501989282   -0.00000000000    0.07902625004
 ROW   7      0.00000000000   -0.00000000000    0.02042092264   -0.00000000000
 ROW   8     -0.24180141199    0.07902625004   -0.00000000000    0.24376144899
 ROW   9      0.08120186746   -0.09881120758    0.00000000000   -0.10645203406
 ROW  10      0.00000000000    0.00000000000    0.01930074722    0.00000000000
 ROW  11     -0.24180141199   -0.07902625004    0.00000000000   -0.01823101360
 ROW  12     -0.08120186746   -0.09881120758   -0.00000000000    0.01177493924

                 COLUMN   9       COLUMN  10       COLUMN  11       COLUMN  12
 ROW   1     -0.00000000000    0.01867937050   -0.00000000000   -0.00000000000
 ROW   2      0.03702510584   -0.00000000000    0.01627097661   -0.03702510584
 ROW   3     -0.04159488108   -0.00000000000   -0.01565084478   -0.04159488108
 ROW   4     -0.00000000000   -0.05840104036    0.00000000000    0.00000000000
 ROW   5      0.08120186746    0.00000000000   -0.24180141199   -0.08120186746
 ROW   6     -0.09881120758    0.00000000000   -0.07902625004   -0.09881120758
 ROW   7      0.00000000000    0.01930074722    0.00000000000   -0.00000000000
 ROW   8     -0.10645203406    0.00000000000   -0.01823101360    0.01177493924
 ROW   9      0.13115469365    0.00000000000   -0.01177493924    0.00925139501
 ROW  10      0.00000000000    0.02042092264   -0.00000000000   -0.00000000000
 ROW  11     -0.01177493924   -0.00000000000    0.24376144899    0.10645203406
 ROW  12      0.00925139501   -0.00000000000    0.10645203406    0.13115469365
 @CHECKOUT-I, Total execution time (CPU/WALL):        0.01/       0.02 seconds.
 @GETMEM-I,  Allocated    4768 MB of main memory.
  Data from point                     10
  Force constant matrix before transformation 

                 COLUMN   1       COLUMN   2       COLUMN   3       COLUMN   4
 ROW   1      0.01802200733    0.00000000000    0.00000000000   -0.05569118044
 ROW   2      0.00000000000    0.07348755991    0.00000000000    0.00000000000
 ROW   3      0.00000000000    0.00000000000    0.84941745569    0.00000000000
 ROW   4     -0.05569118044    0.00000000000    0.00000000000    0.16988514733
 ROW   5      0.00000000000   -0.10650828344    0.00000000000    0.00000000000
 ROW   6      0.00000000000    0.00000000000   -0.76593293533    0.00000000000
 ROW   7      0.01883458656    0.00000000000    0.00000000000   -0.05709698334
 ROW   8      0.00000000000    0.01651036177    0.01532476217    0.00000000000
 ROW   9      0.00000000000    0.03729959277   -0.04174226018    0.00000000000
 ROW  10      0.01883458656    0.00000000000    0.00000000000   -0.05709698334
 ROW  11      0.00000000000    0.01651036177   -0.01532476217    0.00000000000
 ROW  12      0.00000000000   -0.03729959277   -0.04174226018    0.00000000000

                 COLUMN   5       COLUMN   6       COLUMN   7       COLUMN   8
 ROW   1      0.00000000000    0.00000000000    0.01883458656    0.00000000000
 ROW   2     -0.10650828344    0.00000000000    0.00000000000    0.01651036177
 ROW   3      0.00000000000   -0.76593293533    0.00000000000    0.01532476217
 ROW   4      0.00000000000    0.00000000000   -0.05709698334    0.00000000000
 ROW   5      0.61109278754    0.00000000000    0.00000000000   -0.25229225205
 ROW   6      0.00000000000    0.96963485958    0.00000000000    0.08590767593
 ROW   7      0.00000000000    0.00000000000    0.01855427663    0.00000000000
 ROW   8     -0.25229225205    0.08590767593    0.00000000000    0.25426401415
 ROW   9      0.08803977605   -0.10185096212    0.00000000000   -0.11328590346
 ROW  10      0.00000000000    0.00000000000    0.01970812016    0.00000000000
 ROW  11     -0.25229225205   -0.08590767593    0.00000000000   -0.01848212386
 ROW  12     -0.08803977605   -0.10185096212    0.00000000000    0.01205346535

                 COLUMN   9       COLUMN  10       COLUMN  11       COLUMN  12
 ROW   1      0.00000000000    0.01883458656    0.00000000000    0.00000000000
 ROW   2      0.03729959277    0.00000000000    0.01651036177   -0.03729959277
 ROW   3     -0.04174226018    0.00000000000   -0.01532476217   -0.04174226018
 ROW   4      0.00000000000   -0.05709698334    0.00000000000    0.00000000000
 ROW   5      0.08803977605    0.00000000000   -0.25229225205   -0.08803977605
 ROW   6     -0.10185096212    0.00000000000   -0.08590767593   -0.10185096212
 ROW   7      0.00000000000    0.01970812016    0.00000000000    0.00000000000
 ROW   8     -0.11328590346    0.00000000000   -0.01848212386    0.01205346535
 ROW   9      0.13414952126    0.00000000000   -0.01205346535    0.00944370104
 ROW  10      0.00000000000    0.01855427663    0.00000000000    0.00000000000
 ROW  11     -0.01205346535    0.00000000000    0.25426401415    0.11328590346
 ROW  12      0.00944370104    0.00000000000    0.11328590346    0.13414952126
  Transformation matrix 

                 COLUMN   1       COLUMN   2       COLUMN   3
 ROW   1      1.00000000000    0.00000000000   -0.00000000000
 ROW   2      0.00000000000   -1.00000000000   -0.00000000000
 ROW   3     -0.00000000000   -0.00000000000   -1.00000000000
  Force constant matrix after transformation 

                 COLUMN   1       COLUMN   2       COLUMN   3       COLUMN   4
 ROW   1      0.01802200733   -0.00000000000    0.00000000000   -0.05569118044
 ROW   2     -0.00000000000    0.07348755991    0.00000000000    0.00000000000
 ROW   3      0.00000000000    0.00000000000    0.84941745569   -0.00000000000
 ROW   4     -0.05569118044    0.00000000000   -0.00000000000    0.16988514733
 ROW   5      0.00000000000   -0.10650828344   -0.00000000000   -0.00000000000
 ROW   6     -0.00000000000   -0.00000000000   -0.76593293533    0.00000000000
 ROW   7      0.01883458656    0.00000000000   -0.00000000000   -0.05709698334
 ROW   8      0.00000000000    0.01651036177    0.01532476217    0.00000000000
 ROW   9     -0.00000000000    0.03729959277   -0.04174226018   -0.00000000000
 ROW  10      0.01883458656   -0.00000000000   -0.00000000000   -0.05709698334
 ROW  11     -0.00000000000    0.01651036177   -0.01532476217    0.00000000000
 ROW  12     -0.00000000000   -0.03729959277   -0.04174226018    0.00000000000

                 COLUMN   5       COLUMN   6       COLUMN   7       COLUMN   8
 ROW   1      0.00000000000   -0.00000000000    0.01883458656    0.00000000000
 ROW   2     -0.10650828344   -0.00000000000    0.00000000000    0.01651036177
 ROW   3     -0.00000000000   -0.76593293533   -0.00000000000    0.01532476217
 ROW   4     -0.00000000000    0.00000000000   -0.05709698334    0.00000000000
 ROW   5      0.61109278754    0.00000000000    0.00000000000   -0.25229225205
 ROW   6      0.00000000000    0.96963485958   -0.00000000000    0.08590767593
 ROW   7      0.00000000000   -0.00000000000    0.01855427663   -0.00000000000
 ROW   8     -0.25229225205    0.08590767593   -0.00000000000    0.25426401415
 ROW   9      0.08803977605   -0.10185096212    0.00000000000   -0.11328590346
 ROW  10      0.00000000000    0.00000000000    0.01970812016    0.00000000000
 ROW  11     -0.25229225205   -0.08590767593    0.00000000000   -0.01848212386
 ROW  12     -0.08803977605   -0.10185096212   -0.00000000000    0.01205346535

                 COLUMN   9       COLUMN  10       COLUMN  11       COLUMN  12
 ROW   1     -0.00000000000    0.01883458656   -0.00000000000   -0.00000000000
 ROW   2      0.03729959277   -0.00000000000    0.01651036177   -0.03729959277
 ROW   3     -0.04174226018   -0.00000000000   -0.01532476217   -0.04174226018
 ROW   4     -0.00000000000   -0.05709698334    0.00000000000    0.00000000000
 ROW   5      0.08803977605    0.00000000000   -0.25229225205   -0.08803977605
 ROW   6     -0.10185096212    0.00000000000   -0.08590767593   -0.10185096212
 ROW   7      0.00000000000    0.01970812016    0.00000000000   -0.00000000000
 ROW   8     -0.11328590346    0.00000000000   -0.01848212386    0.01205346535
 ROW   9      0.13414952126    0.00000000000   -0.01205346535    0.00944370104
 ROW  10      0.00000000000    0.01855427663   -0.00000000000   -0.00000000000
 ROW  11     -0.01205346535   -0.00000000000    0.25426401415    0.11328590346
 ROW  12      0.00944370104   -0.00000000000    0.11328590346    0.13414952126
 @CHECKOUT-I, Total execution time (CPU/WALL):        0.01/       0.02 seconds.
 @GETMEM-I,  Allocated    4768 MB of main memory.
  Data from point                     11
  Force constant matrix before transformation 

                 COLUMN   1       COLUMN   2       COLUMN   3       COLUMN   4
 ROW   1      0.84999662258   -0.00095239510    0.00000000000   -0.76665830358
 ROW   2     -0.00095239510    0.07345674703    0.00000000000    0.00069028170
 ROW   3      0.00000000000    0.00000000000    0.01804029408    0.00000000000
 ROW   4     -0.76665830358    0.00069028170    0.00000000000    0.96731487184
 ROW   5      0.00154029997   -0.10623815204    0.00000000000   -0.00884573287
 ROW   6      0.00000000000    0.00000000000   -0.05555432761    0.00000000000
 ROW   7     -0.04169703982   -0.03703113528    0.00000000000   -0.09872859387
 ROW   8     -0.01578121505    0.01632654673    0.00000000000   -0.07839427515
 ROW   9      0.00000000000    0.00000000000    0.01869063791    0.00000000000
 ROW  10     -0.04164127918    0.03729324858    0.00000000000   -0.10192797449
 ROW  11      0.01519331018    0.01645485828    0.00000000000    0.08654972652
 ROW  12      0.00000000000    0.00000000000    0.01882339562    0.00000000000

                 COLUMN   5       COLUMN   6       COLUMN   7       COLUMN   8
 ROW   1      0.00154029997    0.00000000000   -0.04169703982   -0.01578121505
 ROW   2     -0.10623815204    0.00000000000   -0.03703113528    0.01632654673
 ROW   3      0.00000000000   -0.05555432761    0.00000000000    0.00000000000
 ROW   4     -0.00884573287    0.00000000000   -0.09872859387   -0.07839427515
 ROW   5      0.60033927460    0.00000000000   -0.08097119048   -0.24178676012
 ROW   6      0.00000000000    0.17104729368    0.00000000000    0.00000000000
 ROW   7     -0.08097119048    0.00000000000    0.13107987657    0.10626146865
 ROW   8     -0.24178676012    0.00000000000    0.10626146865    0.24381622747
 ROW   9      0.00000000000   -0.05863589187    0.00000000000    0.00000000000
 ROW  10      0.08827662338    0.00000000000    0.00934575722   -0.01208597835
 ROW  11     -0.25231436254    0.00000000000    0.01174085702   -0.01835601408
 ROW  12      0.00000000000   -0.05685707370    0.00000000000    0.00000000000

                 COLUMN   9       COLUMN  10       COLUMN  11       COLUMN  12
 ROW   1      0.00000000000   -0.04164127918    0.01519331018    0.00000000000
 ROW   2      0.00000000000    0.03729324858    0.01645485828    0.00000000000
 ROW   3      0.01869063791    0.00000000000    0.00000000000    0.01882339562
 ROW   4      0.00000000000   -0.10192797449    0.08654972652    0.00000000000
 ROW   5      0.00000000000    0.08827662338   -0.25231436254    0.00000000000
 ROW   6     -0.05863589187    0.00000000000    0.00000000000   -0.05685707370
 ROW   7      0.00000000000    0.00934575722    0.01174085702    0.00000000000
 ROW   8      0.00000000000   -0.01208597835   -0.01835601408    0.00000000000
 ROW   9      0.02044229371    0.00000000000    0.00000000000    0.01950296025
 ROW  10      0.00000000000    0.13422349645   -0.11348389372    0.00000000000
 ROW  11      0.00000000000   -0.11348389372    0.25421551833    0.00000000000
 ROW  12      0.01950296025    0.00000000000    0.00000000000    0.01853071784
  Transformation matrix 

                 COLUMN   1       COLUMN   2       COLUMN   3
 ROW   1      0.00000000000   -0.00000000000    1.00000000000
 ROW   2     -0.00061474226   -0.99999981105   -0.00000000000
 ROW   3      0.99999981105   -0.00061474226   -0.00000000000
  Force constant matrix after transformation 

                 COLUMN   1       COLUMN   2       COLUMN   3       COLUMN   4
 ROW   1      0.01804029408    0.00000000000    0.00000000000   -0.05555432761
 ROW   2      0.00000000000    0.07345586953    0.00047502259   -0.00000000000
 ROW   3      0.00000000000    0.00047502259    0.84999750007   -0.00000000000
 ROW   4     -0.05555432761   -0.00000000000   -0.00000000000    0.17104729368
 ROW   5     -0.00000000000   -0.10623703038   -0.00113431103    0.00000000000
 ROW   6     -0.00000000000   -0.00028429275   -0.76665942523    0.00000000000
 ROW   7      0.01869063791    0.00000000000   -0.00000000000   -0.05863589187
 ROW   8      0.00000000000    0.01629405882    0.01581686463   -0.00000000000
 ROW   9      0.00000000000    0.03706678487   -0.04166455191    0.00000000000
 ROW  10      0.01882339562   -0.00000000000   -0.00000000000   -0.05685707370
 ROW  11     -0.00000000000    0.01648710203   -0.01515757620   -0.00000000000
 ROW  12     -0.00000000000   -0.03725751460   -0.04167352293   -0.00000000000

                 COLUMN   5       COLUMN   6       COLUMN   7       COLUMN   8
 ROW   1     -0.00000000000   -0.00000000000    0.01869063791    0.00000000000
 ROW   2     -0.10623703038   -0.00028429275    0.00000000000    0.01629405882
 ROW   3     -0.00113431103   -0.76665942523   -0.00000000000    0.01581686463
 ROW   4      0.00000000000    0.00000000000   -0.05863589187   -0.00000000000
 ROW   5      0.60032853759    0.00862013082   -0.00000000000   -0.24188467472
 ROW   6      0.00862013082    0.96732560885    0.00000000000    0.07830627104
 ROW   7     -0.00000000000    0.00000000000    0.02044229371    0.00000000000
 ROW   8     -0.24188467472    0.07830627104    0.00000000000    0.24394683167
 ROW   9      0.08088318637   -0.09863067926   -0.00000000000   -0.10619208455
 ROW  10     -0.00000000000   -0.00000000000    0.01950296025   -0.00000000000
 ROW  11     -0.25220683258   -0.08664210930   -0.00000000000   -0.01835621577
 ROW  12     -0.08836900616   -0.10203550445    0.00000000000    0.01206894877

                 COLUMN   9       COLUMN  10       COLUMN  11       COLUMN  12
 ROW   1      0.00000000000    0.01882339562   -0.00000000000   -0.00000000000
 ROW   2      0.03706678487   -0.00000000000    0.01648710203   -0.03725751460
 ROW   3     -0.04166455191   -0.00000000000   -0.01515757620   -0.04167352293
 ROW   4      0.00000000000   -0.05685707370   -0.00000000000   -0.00000000000
 ROW   5      0.08088318637   -0.00000000000   -0.25220683258   -0.08836900616
 ROW   6     -0.09863067926   -0.00000000000   -0.08664210930   -0.10203550445
 ROW   7     -0.00000000000    0.01950296025   -0.00000000000    0.00000000000
 ROW   8     -0.10619208455   -0.00000000000   -0.01835621577    0.01206894877
 ROW   9      0.13094927237   -0.00000000000   -0.01175788660    0.00934595891
 ROW  10     -0.00000000000    0.01853071784    0.00000000000    0.00000000000
 ROW  11     -0.01175788660    0.00000000000    0.25407594632    0.11355757210
 ROW  12      0.00934595891    0.00000000000    0.11355757210    0.13436306847
  @SETGEOM-I, Using symmetry to generate FCM for negative direction
              along normal coordinate  12.
 
 
 
********************************************************************************
        PARAMETERS RELEVANT TO MOLECULAR STRUCTURE 
********************************************************************************
 
  Cartesian coordinates for reference structure 
       -0.0000000000        0.0000000000        1.1362646308
       -0.0000000000        0.0000000000       -1.1393542951
       -0.0000000000        1.7663776970       -2.2336239272
        0.0000000000       -1.7663776970       -2.2336239272
  Normal coordinates for reference point 
  Normal coordinate                      1
        0.0000001697        0.1825273132       -0.0000000162
        0.0000001697        0.1825568192       -0.0000000162
        0.0000001697        0.1825710075        0.0000228869
        0.0000001698        0.1825710075       -0.0000229192
  Normal coordinate                      2
        0.1825420470       -0.0000001697        0.0000000891
        0.1825420470       -0.0000001697        0.0000000891
        0.1825420470       -0.0000001697        0.0000000891
        0.1825420469       -0.0000001697        0.0000000891
  Normal coordinate                      3
        0.0000000891       -0.0000000162       -0.1825420470
        0.0000000891       -0.0000000161       -0.1825420470
        0.0000000891       -0.0000000161       -0.1825420469
        0.0000000891       -0.0000000161       -0.1825420470
  Normal coordinate                      4
        0.1670169271       -0.0000000001        0.0000000000
       -0.1674710851        0.0000000001        0.0000000000
       -0.3283151578        0.0000000002        0.0000000002
       -0.3283151574        0.0000000002       -0.0000000002
  Normal coordinate                      5
        0.0000000001        0.1567265343       -0.0000000000
       -0.0000000001       -0.1571183410       -0.0000000000
       -0.0000000004       -0.3080358168       -0.2436120344
       -0.0000000001       -0.3080358168        0.2436120344
  Normal coordinate                      6
        0.0000000000        0.0000000000       -0.0000000000
       -0.0000000001       -0.0000000000       -0.0000000000
        0.7043563446       -0.0000000001       -0.0000000001
       -0.7043563448       -0.0000000001        0.0000000000
  Normal coordinate                      7
        0.0361056532       -0.0000000000       -0.0000000000
       -0.1482065117       -0.0000000000       -0.0000000000
        0.5958233117       -0.0000000000       -0.0000000000
        0.5958233117       -0.0000000000        0.0000000000
  Normal coordinate                      8
        0.0000000000        0.0681183874       -0.0000000000
       -0.0000000000       -0.1268650338        0.0000000000
        0.0000000000        0.2147359904        0.5633530726
        0.0000000000        0.2147359904       -0.5633530726
  Normal coordinate                      9
       -0.0000000000        0.0000000000        0.0846611834
       -0.0000000000       -0.0000000000       -0.0156900979
       -0.0000000000       -0.3212788748       -0.5784075540
       -0.0000000000        0.3212788748       -0.5784075540
  Normal coordinate                     10
       -0.0000000000        0.0000000000        0.1484248070
        0.0000000000       -0.0000000000       -0.2158972459
       -0.0000000000        0.1795643514        0.1075210605
       -0.0000000000       -0.1795643514        0.1075210605
  Normal coordinate                     11
       -0.0000000000        0.0000000000        0.0009125802
        0.0000000000       -0.0000000000        0.0561599008
       -0.0000000000        0.6005450763       -0.3415848130
       -0.0000000000       -0.6005450763       -0.3415848130
  Normal coordinate                     12
       -0.0000000000        0.0005741971        0.0000000000
        0.0000000000       -0.0960491084       -0.0000000000
       -0.0000000000        0.5672636756       -0.3455493483
       -0.0000000000        0.5672636756        0.3455493483
  Force Field from Numerical Differentiation of Analytic Second Derivatives
  ---------------------------------------------------------------------------
  Coriolis Zeta matrix for IXYZ=                     1 :
    2    1        0.0000000000
    3    1        0.0000000000
    3    2        0.0000000000
    4    1        0.0000000000
    4    2        0.0000000000
    4    3        0.0000000000
    5    1        0.0000000000
    5    2        0.0000000000
    5    3        0.0000000000
    5    4        0.0000000000
    6    1        0.0000000000
    6    2        0.0000000000
    6    3        0.0000000000
    6    4        0.0000000000
    6    5        0.0000000000
    7    1        0.0000000000
    7    2        0.0000000000
    7    3        0.0000000000
    7    4        0.0000000000
    7    5        0.0000000000
    7    6        0.0000000000
    8    1        0.0000000000
    8    2        0.0000000000
    8    3        0.0000000000
    8    4        0.0000000000
    8    5        0.0000000000
    8    6        0.0000000000
    8    7        0.0000000000
    9    1        0.0000000000
    9    2        0.0000000000
    9    3        0.0000000000
    9    4        0.0000000000
    9    5        0.0000000000
    9    6        0.0000000000
    9    7        0.0000000000
    9    8       -0.2305944921
   10    1        0.0000000000
   10    2        0.0000000000
   10    3        0.0000000000
   10    4        0.0000000000
   10    5        0.0000000000
   10    6        0.0000000000
   10    7        0.0000000000
   10    8       -0.3330328893
   10    9       -0.0000000000
   11    1        0.0000000000
   11    2        0.0000000000
   11    3        0.0000000000
   11    4        0.0000000000
   11    5        0.0000000000
   11    6        0.0000000000
   11    7       -0.0000000000
   11    8        0.9142840231
   11    9       -0.0000000000
   11   10        0.0000000000
   12    1        0.0000000000
   12    2        0.0000000000
   12    3        0.0000000000
   12    4        0.0000000000
   12    5        0.0000000000
   12    6        0.0000000000
   12    7       -0.0000000000
   12    8       -0.0000000000
   12    9       -0.8662651877
   12   10        0.4982118992
   12   11       -0.0370071355
  CHECKSUM    4.00000000000000     
  Coriolis Zeta matrix for IXYZ=                     2 :
    2    1        0.0000000000
    3    1        0.0000000000
    3    2        0.0000000000
    4    1        0.0000000000
    4    2        0.0000000000
    4    3        0.0000000000
    5    1        0.0000000000
    5    2        0.0000000000
    5    3        0.0000000000
    5    4        0.0000000000
    6    1        0.0000000000
    6    2        0.0000000000
    6    3        0.0000000000
    6    4        0.0000000000
    6    5        0.0000000000
    7    1        0.0000000000
    7    2        0.0000000000
    7    3        0.0000000000
    7    4        0.0000000000
    7    5        0.0000000000
    7    6        0.0000000000
    8    1        0.0000000000
    8    2        0.0000000000
    8    3        0.0000000000
    8    4        0.0000000000
    8    5        0.0000000000
    8    6        0.0000000000
    8    7       -0.0000000000
    9    1        0.0000000000
    9    2        0.0000000000
    9    3        0.0000000000
    9    4        0.0000000000
    9    5        0.0000000000
    9    6        0.0000000000
    9    7       -0.6178539634
    9    8       -0.0000000000
   10    1        0.0000000000
   10    2        0.0000000000
   10    3        0.0000000000
   10    4        0.0000000000
   10    5        0.0000000000
   10    6        0.0000000000
   10    7        0.5988145814
   10    8        0.0000000000
   10    9       -0.0000000000
   11    1        0.0000000000
   11    2        0.0000000000
   11    3        0.0000000000
   11    4        0.0000000000
   11    5        0.0000000000
   11    6        0.0000000000
   11    7       -0.5095856915
   11    8       -0.0000000000
   11    9       -0.0000000000
   11   10        0.0000000000
   12    1        0.0000000000
   12    2        0.0000000000
   12    3        0.0000000000
   12    4        0.0000000000
   12    5        0.0000000000
   12    6        0.0000000000
   12    7        0.0000000000
   12    8       -0.0000000000
   12    9       -0.0000000000
   12   10        0.0000000000
   12   11       -0.0000000000
  CHECKSUM    2.00000000000000     
  Coriolis Zeta matrix for IXYZ=                     3 :
    2    1        0.0000000000
    3    1        0.0000000000
    3    2        0.0000000000
    4    1        0.0000000000
    4    2        0.0000000000
    4    3        0.0000000000
    5    1        0.0000000000
    5    2        0.0000000000
    5    3        0.0000000000
    5    4        0.0000000000
    6    1        0.0000000000
    6    2        0.0000000000
    6    3        0.0000000000
    6    4        0.0000000000
    6    5        0.0000000000
    7    1        0.0000000000
    7    2        0.0000000000
    7    3        0.0000000000
    7    4        0.0000000000
    7    5        0.0000000000
    7    6        0.0000000000
    8    1        0.0000000000
    8    2        0.0000000000
    8    3        0.0000000000
    8    4        0.0000000000
    8    5        0.0000000000
    8    6        0.0000000000
    8    7       -0.5228572855
    9    1        0.0000000000
    9    2        0.0000000000
    9    3        0.0000000000
    9    4        0.0000000000
    9    5        0.0000000000
    9    6        0.0000000000
    9    7       -0.0000000000
    9    8       -0.0000000000
   10    1        0.0000000000
   10    2        0.0000000000
   10    3        0.0000000000
   10    4        0.0000000000
   10    5        0.0000000000
   10    6        0.0000000000
   10    7        0.0000000000
   10    8       -0.0000000000
   10    9        0.0000000000
   11    1        0.0000000000
   11    2        0.0000000000
   11    3        0.0000000000
   11    4        0.0000000000
   11    5        0.0000000000
   11    6        0.0000000000
   11    7       -0.0000000000
   11    8       -0.0000000000
   11    9        0.0000000000
   11   10        0.0000000000
   12    1        0.0000000000
   12    2        0.0000000000
   12    3        0.0000000000
   12    4        0.0000000000
   12    5        0.0000000000
   12    6        0.0000000000
   12    7       -0.8524202361
   12    8       -0.0000000000
   12    9        0.0000000000
   12   10        0.0000000000
   12   11        0.0000000000
  CHECKSUM    2.00000000000000     
  Coriolis contributions and sensitivities 
  cm-1 and MHz/cm-1, respectively 
  ixyz =                      1
  B in cm-1:    1.14505170600296     
                     1                     7 -7.054488451016506E-034
  1.951377119062946E-074
                     1                     8 -5.538158355080792E-003
  1.235169944680673E-014
                     1                     9 -2.031128924964648E-003
  8.558694051466698E-015
                     1                    10  4.660740760761694E-006
  2.250347098320772E-015
                     1                    11  2.821614803432498E-003
  1.113760950556085E-015
                     1                    12  4.109653571797343E-003
  1.470635075045616E-015
  ixyz =                      2
  B in cm-1:    1.30063729088682     
                     2                     7 -1.312976270701065E-002
  2.335051807786013E-013
                     2                     8  1.546870482009906E-032
  1.737012820978072E-071
                     2                     9  7.508766944680141E-003
  1.678512365455671E-013
                     2                    10  4.207610384871565E-003
  1.458013029760520E-014
                     2                    11  1.130530258098582E-003
  5.556465302057012E-017
                     2                    12  1.452468588143725E-031
  8.440412646573065E-073
  ixyz =                      3
  B in cm-1:    9.57220394121177     
                     3                     7  -1.40407554889033     
  1.932672410634804E-009
                     3                     8   1.20946041192258     
  1.807827270448035E-009
                     3                     9  1.309308676645799E-030
  9.478503055056918E-071
                     3                    10  4.012116675565516E-033
  5.318402186845642E-075
                     3                    11  1.491460046688817E-029
  2.009879981500826E-070
                     3                    12  0.165484664357545     
  1.958881499428833E-014
 
  -----------------------------------------------------------------------------------
   Cubic force constants in dimensionless reduced mass normal coordinates,[Phi(ijk)]:
  -----------------------------------------------------------------------------------
    I    J    K             F(IJK) in a.u.            F(IJK) in cm-1
  -----------------------------------------------------------------------------------
  Performing F(IJK)/F(IKJ)/F(KJI) consistency check 
  Differences greater than 1 cm-1 will be printed.
  ===================================================================
  I    J    K    F(IJK)        F(IKJ)        F(KJI)        Difference
  ===================================================================
 Cubic force constants written to file cubic.
  ===================================================================
  Largest absolute difference is    0.13191 cm-1.
 
 
---------------------------------------------------------------------------
          Quartic centrifugal distortion parameters 
                                CM-1                MHz
---------------------------------------------------------------------------
    1    1    1    1   -0.7226767281E-05       -0.2166530327
    1    1    2    2   -0.9125570346E-05       -0.2735777165
    1    1    3    3   -0.1075242758E-04       -0.3223496695
    2    2    1    1   -0.9125570346E-05       -0.2735777165
    2    2    2    2   -0.1243295710E-04       -0.3727306769
    2    2    3    3    0.3569446802E-04        1.0700932304
    2    3    2    3   -0.1082733365E-03       -3.2459529676
    2    3    3    2   -0.1082733365E-03       -3.2459529676
    3    2    2    3   -0.1082733365E-03       -3.2459529676
    3    2    3    2   -0.1082733365E-03       -3.2459529676
    3    3    1    1   -0.1075242758E-04       -0.3223496695
    3    3    2    2    0.3569446802E-04        1.0700932304
    3    3    3    3   -0.2684774134E-02      -80.4875036811
---------------------------------------------------------------------------
------------------------------------------------------------
        Parameter                (MHz)                 (CM-1)
------------------------------------------------------------
 
           R6                -.659817E-03           -.220091E-07
           R5                -.313839E+00           -.104685E-04
           SI                            0.107236E+03
 
  Kivelson-Wilson centrifugal distortion parameters 
 
           DJ                0.723533E-01           0.241345E-05
           DK                0.187582E+02           0.625706E-03
           DJK               0.129133E+01           0.430743E-04
 
  A-reduced centrifugal distortion parameters (Ir representation) 
 
           DELJ              0.736730E-01           0.245747E-05
           DELK              0.187648E+02           0.625926E-03
           DELJK             0.128342E+01           0.428102E-04
           delJ              0.975485E-02           0.325387E-06
           delK              0.910702E+00           0.303777E-04
 
  S-reduced centrifugal distortion parameters (Ir representation) 
 
           DJ                0.694267E-01           0.231583E-05
           DK                0.187436E+02           0.625218E-03
           DJK               0.130889E+01           0.436600E-04
           D1                -.975485E-02           -.325387E-06
           D2                -.212313E-02           -.708200E-07
------------------------------------------------------------
  Centrifugal corrections for various types of 
 rotational constants (MHz and cm-1) ...
   Bx''-Bx         0.2764416267        0.0000092211
   By''-By         1.7841513185        0.0000595129
   Bz''-Bz         1.7597653420        0.0000586995
   Bx''-Bx'         2.7109063523        0.0000904261
   By''-By'         0.1611748347        0.0000053762
   Bz''-Bz'         0.1367888582        0.0000045628
   Bx'-Bx        -2.4344647257       -0.0000812050
   By'-By         1.6229764838        0.0000541367
   Bz'-Bz         1.6229764838        0.0000541367
   BxSR-Bx        -1.1823226572       -0.0000394380
   BySR-By         0.3644064457        0.0000121553
   BzSR-Bz         1.6336507131        0.0000544927
   BxSR-Bx''        -1.4587642839       -0.0000486591
   BySR-By''        -1.4197448728       -0.0000473576
   BzSR-Bz''        -0.1261146289       -0.0000042067
   BxSR-Bx'         1.2521420684        0.0000417670
   BySR-By'        -1.2585700381       -0.0000419814
   BzSR-Bz'        -0.0106742294       -0.0000003561
   BxAR-Bx        -2.9952339370       -0.0000999102
   ByAR-By         2.1943027643        0.0000731941
   BzAR-Bz         1.6124194146        0.0000537845
---------------------------------------------------------------------------
 
 *****************************************
     THE MOLECULE IS AN ASYMMETRIC TOP
 *****************************************
 
 
---------------------------------------------------------------------------
         Sextic centrifugal distortion parameters
          Watson A reduction. I^r representation 
              CM-1*10^6                     kHz
---------------------------------------------------------------------------
   HJ        0.0000028561               0.0000856223
   HJK        0.0008795653               0.0263687045
   HKJ       -0.0018390791              -0.0551342041
   HK        0.1280995017               3.8403264475
   hJ        0.0000013537               0.0000405834
   hJK        0.0004701183               0.0140937908
   hK        0.0392811164               1.1776182445
---------------------------------------------------------------------------
         Sextic centrifugal distortion parameters
          Watson S reduction. I^r representation 
              CM-1*10^6                     kHz
---------------------------------------------------------------------------
   HJ       -0.0000005030              -0.0000150799
   HJK        0.0002481893               0.0074405294
   HKJ        0.0003158934               0.0094702467
   HK        0.1265792642               3.7947508741
   h1        0.0000009740               0.0000291994
   h2        0.0000016795               0.0000503511
   h3        0.0000003797               0.0000113840
---------------------------------------------------------------------------
 
---------------------------------------------------------------------------
  Mean and mean-square displacements in dimensionless normal coordinates
 
             Geometrical properties evaluated at     0.00 K 
 
         Coordinate              <q>            <q**2>
---------------------------------------------------------------------------
              7              0.0000000000     0.5000000659
              8             -0.0000000000     0.5000000659
              9              0.0459346027     0.5000000659
             10              0.0848214460     0.5000000659
             11              0.1748865334     0.5000000659
             12             -0.0000000000     0.5000000659
---------------------------------------------------------------------------
 
  ------------------------------------------------------
   ATOM              INTERNUCLEAR DISTANCE / Angstrom
  -------------------------------------------------------
  I    J           Re           Rg           Ra
  ------------------------------------------------------
  2    1         1.2042057    1.2085212    1.2080924
  3    1         2.0133951    2.0316094    2.0286540
  3    2         1.0995579    1.1218094    1.1129829
  4    1         2.0133951    2.0316094    2.0286540
  4    2         1.0995579    1.1218094    1.1129829
  4    3         1.8694536    1.8969391    1.8917477
  ------------------------------------------------------
********************************************************************************
   PARAMETERS RELEVANT TO ROTATIONAL SPECTROSCOPY
********************************************************************************
  VRCORIOL read from JOBARC in final
  0.000000000000000E+000  0.000000000000000E+000  0.000000000000000E+000
  0.000000000000000E+000  0.000000000000000E+000  0.000000000000000E+000
  7.054488451016506E-034  5.538158355080792E-003  2.031128924964648E-003
 -4.660740760761694E-006
  VRQUADRA read from JOBARC in final
  0.000000000000000E+000  0.000000000000000E+000  0.000000000000000E+000
  0.000000000000000E+000  0.000000000000000E+000  0.000000000000000E+000
 -2.250271493629391E-016  0.000000000000000E+000 -1.000425874404094E-003
 -2.814517934087388E-003
 
 
  ----------------------------------------------------------------------------
                                     VIB-ROT CONSTANT / (cm-1)
                                  ------------------------------
     AXIS        MODE       CORIOLIS     QUADRATIC     ANHARMONIC    TOTAL
  ----------------------------------------------------------------------------
       1           7       0.0000000     -0.0000000   -0.0013244   -0.0013244
       1           8       0.0055382      0.0000000    0.0007830    0.0063212
       1           9       0.0020311     -0.0010004    0.0015850    0.0026157
       1          10      -0.0000047     -0.0028145    0.0115958    0.0087766
       1          11      -0.0028216     -0.0004347    0.0055246    0.0022683
       1          12      -0.0041097      0.0000000    0.0055574    0.0014477
       2           7       0.0131298      0.0000000   -0.0007818    0.0123480
       2           8      -0.0000000     -0.0050787    0.0025568   -0.0025219
       2           9      -0.0075088     -0.0026957    0.0018734   -0.0083311
       2          10      -0.0042076     -0.0032662    0.0145594    0.0070856
       2          11      -0.0011305     -0.0000461    0.0016001    0.0004235
       2          12      -0.0000000     -0.0008103    0.0023677    0.0015573
       3           7       1.4040755     -0.0000000   -0.0502090    1.3538665
       3           8      -1.2094604     -0.0373777   -0.0837669   -1.3306050
       3           9      -0.0000000     -0.0740581    0.0092962   -0.0647620
       3          10      -0.0000000     -0.0199462    0.0217539    0.0018077
       3          11      -0.0000000     -0.1357133    0.2994124    0.1636991
       3          12      -0.1654847     -0.0059638    0.2601244    0.0886759
  ----------------------------------------------------------------------------
 
 
  ----------------------------------------------------------------------------
   Be, B0 AND B-B0 SHIFTS FOR SINGLY EXCITED VIBRATIONAL STATES (CM-1)
   ------------------------------------------------------------
  VIBRATION            X AXIS               Y AXIS                 Z AXIS
  ----------------------------------------------------------------------------
    Be                    1.14505171           1.30063729           9.57220394
    B0                    1.13499914           1.29535663           9.46586281
    Be-B0                 0.01005256           0.00528066           0.10634113
    B'                    1.13491794           1.29541076           9.46591695
    Be-B'                 0.01013377           0.00522653           0.10628699
    B''                   1.13500836           1.29541614           9.46592151
    Be-B''                0.01004334           0.00522115           0.10628243
    B^A                   1.13489923           1.29542982           9.46591660
    Be-B^A                0.01015247           0.00520747           0.10628735
    B^S                   1.13495970           1.29536878           9.46591730
    Be-B^S                0.01009200           0.00526851           0.10628664
     7                    0.00132439          -0.01234799          -1.35386653
     8                   -0.00632119           0.00252193           1.33060499
     9                   -0.00261573           0.00833112           0.06476195
    10                   -0.00877659          -0.00708561          -0.00180768
    11                   -0.00226831          -0.00042345          -0.16369908
    12                   -0.00144771          -0.00155732          -0.08867591
  ----------------------------------------------------------------------------
  ----------------------------------------------------------------------------
   Be, B0 AND B-B0 SHIFTS FOR SINGLY EXCITED VIBRATIONAL STATES (MHz)
  VIBRATION            X AXIS               Y AXIS                 Z AXIS
  ----------------------------------------------------------------------------
    Be                34327.78654797       38992.12504014      286967.45480132
    B0                34026.41827803       38833.81472916      283779.42792695
    Be-B0               301.36826994         158.31031098        3188.02687437
    B'                34023.98381330       38835.43770564      283781.05090343
    Be-B'               303.80273467         156.68733450        3186.40389788
    B''               34026.69471965       38835.59888048      283781.18769229
    Be-B''              301.09182832         156.52615967        3186.26710903
    B^A               34023.42304409       38836.00903192      283781.04034636
    Be-B^A              304.36350388         156.11600822        3186.41445495
    B^S               34025.23595537       38834.17913560      283781.06157766
    Be-B^S              302.55059260         157.94590454        3186.39322365
     7                   39.70426113        -370.18349025      -40587.89747780
     8                 -189.50437780          75.60561171       39890.53397121
     9                  -78.41757649         249.76057341        1941.51442865
    10                 -263.11540072        -212.42135270         -54.19284354
    11                  -68.00233818         -12.69472135       -4907.57495356
    12                  -43.40110783         -46.68724279       -2658.43687368
  ----------------------------------------------------------------------------
  searchzmat returns                      1
                             Vibrationally averaged dipole moment
--------------------------------------------------------------------------------
                              a.u.                         Debye
                     x         y         z              x         y         z
--------------------------------------------------------------------------------
MU_e            0.00000   0.00000  -0.92297        0.00000   0.00000  -2.34580
delta <MU> (1)  0.00000   0.00000   0.00000        0.00000   0.00000   0.00000
delta <MU> (2)  0.00000   0.00000   0.00000        0.00000   0.00000   0.00000
<MU>           -0.00000  -0.00000  -0.90192       -0.00000  -0.00000  -2.29230
 
Equilibrium dipole moment:    0.92297 a.u. (   2.34580 D)
Zero-point dipole moment:     0.90192 a.u. (   2.29230 D)
--------------------------------------------------------------------------------
********************************************************************************
  PARAMETERS RELEVANT TO VIBRATIONAL SPECTROSCOPY
********************************************************************************
  ==============================================================
  F(ijkk) quartic force constants in normal coordinates
  ==============================================================
  I    J    K    K         F(IJKK)/a.u             F(IJKK)/cm-1
  --------------------------------------------------------------
  7    7    7    7               0.0658956019          146.6828049669
  8    8    7    7               0.0143919520           29.9580982454
 12    8    7    7              -0.0001442850           -0.1955884347
  9    9    7    7               0.0058136926           10.0172410751
 10    9    7    7              -0.0076302087          -12.2078270732
 11    9    7    7              -0.0132833517          -16.5754400595
  9   10    7    7              -0.0076302087          -12.2078270732
 10   10    7    7              -0.0078192123          -11.6163811430
 11   10    7    7               0.0223212145           25.8631319117
  9   11    7    7              -0.0132833517          -16.5754400595
 10   11    7    7               0.0223212145           25.8631319116
 11   11    7    7              -0.3122398446         -282.1675440927
  8   12    7    7              -0.0001442850           -0.1955884347
 12   12    7    7              -0.3755123993         -331.4923756129
  7    7    8    8               0.0143891826           29.9523333897
  8    8    8    8               0.0440405109           85.7272013226
 12    8    8    8              -0.0176888258          -22.4229456331
  9    9    8    8               0.0214628092           34.5823405575
 10    9    8    8              -0.0133097288          -19.9132854838
 11    9    8    8               0.0222800065           25.9982712345
  9   10    8    8              -0.0133097288          -19.9132854838
 10   10    8    8               0.0015666386            2.1764487288
 11   10    8    8               0.0103983651           11.2667878667
  9   11    8    8               0.0222800065           25.9982712345
 10   11    8    8               0.0103983651           11.2667878667
 11   11    8    8              -0.2522009146         -213.1263531340
  8   12    8    8              -0.0176888258          -22.4229456331
 12   12    8    8              -0.2707022614         -223.4667466455
  7    7    9    9               0.0058132865           10.0165413268
  8    8    9    9               0.0214624106           34.5816983329
 12    8    9    9               0.0147945097           15.5237184703
  9    9    9    9               0.0037001231            4.9349812523
 10    9    9    9              -0.0021063316           -2.6085668507
 11    9    9    9              -0.0183162704          -17.6916249249
  9   10    9    9              -0.0021063316           -2.6085668507
 10   10    9    9               0.0175422075           20.1727625460
 11   10    9    9               0.0246773627           22.1327469336
  9   11    9    9              -0.0183162704          -17.6916249249
 10   11    9    9               0.0246773627           22.1327469336
 11   11    9    9              -0.1986827034         -138.9799265255
  8   12    9    9               0.0147945097           15.5237184703
 12   12    9    9              -0.2726151321         -186.2826905308
  7    7   10   10              -0.0078200614          -11.6176426455
  8    8   10   10               0.0015671137            2.1771087524
 12    8   10   10               0.0109120262            9.8721642394
  9    9   10   10               0.0175422780           20.1728435664
 10    9   10   10               0.0409388571           43.7142208329
 11    9   10   10              -0.0214048743          -17.8260513441
  9   10   10   10               0.0409388571           43.7142208329
 10   10   10   10               0.1575595816          156.2203988872
 11   10   10   10              -0.0080128374           -6.1963322338
  9   11   10   10              -0.0214048743          -17.8260513441
 10   11   10   10              -0.0080128374           -6.1963322338
 11   11   10   10              -0.0613105073          -36.9775998982
  8   12   10   10               0.0109120262            9.8721642394
 12   12   10   10              -0.1058545992          -62.3654510145
  7    7   11   11              -0.3122853222         -282.2086416487
  8    8   11   11              -0.2522240427         -213.1458978522
 12    8   11   11               0.0006242402            0.3435338934
  9    9   11   11              -0.1987039852         -138.9948133021
 10    9   11   11               0.1136668750           73.8298240684
 11    9   11   11               0.0062909606            3.1869138180
  9   10   11   11               0.1136668750           73.8298240684
 10   10   11   11              -0.0613132087          -36.9792291918
 11   10   11   11              -0.0248622582          -11.6949891738
  9   11   11   11               0.0062909606            3.1869138180
 10   11   11   11              -0.0248622582          -11.6949891738
 11   11   11   11               1.4549240372          533.7710485453
  8   12   11   11               0.0006242402            0.3435338934
 12   12   11   11               1.6081603212          576.3344282363
  7    7   12   12              -0.3755685252         -331.5419219934
  8    8   12   12              -0.2707273737         -223.4874769832
 12    8   12   12              -0.1045138932          -56.1852620476
  9    9   12   12              -0.2726436547         -186.3021805091
 10    9   12   12               0.1587847775          100.7482019653
 11    9   12   12               0.0965448038           47.7763300599
  9   10   12   12               0.1587847775          100.7482019653
 10   10   12   12              -0.1058568180          -62.3667582613
 11   10   12   12              -0.0780926996          -35.8839476730
  9   11   12   12               0.0965448038           47.7763300599
 10   11   12   12              -0.0780926996          -35.8839476730
 11   11   12   12               1.6081657175          576.3363621735
  8   12   12   12              -0.1045138932          -56.1852620476
 12   12   12   12               1.7493090620          612.4100276602
  Quartic force constants written to file quartic.
  ==============================================================
  Performing F(IIJJ)/F(JJII) consistency check 
  Differences greater than 1 cm-1 will be printed.
  ==============================================================
  I    I    K    K       F(IIKK)       F(KKII)       Difference
  --------------------------------------------------------------
  --------------------------------------------------------------
  Largest absolute difference is    0.04955 cm-1.
  Largest relative difference is .30321D-03.
VPT2 vibrational analysis
 
 
 Thresholds for removing resonance denominators:
 Delta_omega = 50 cm-1; Phi(ijk) = 80 cm-1
 
   ----------------------------------------------------------------------------
              CONTRIBUTIONS TO THE TRANSITION MOMENT OF FUNDAMENTAL LEVELS
   ----------------------------------------------------------------------------
                             Cartesian Components / Debye
                (**) Terms from which near zero denominators were removed
   ----------------------------------------------------------------------------
   ----------------------------------------------------------------------------
   MODE  7                         X                    Y                    Z
   ----------------------------------------------------------------------------
   HARMONIC:               0.040792877649554   0.000000000000000  -0.000000000000000
   MIXED:(100+001):        0.000654770790005  -0.000000000000000  -0.000000000000000
 
   MECHANICAL:              
   From PHI(i,j,k):       -0.000381133922170  -0.000000000000000   0.000000000000000
   From PHI(i,j,k,l):      0.000935606641306   0.000000000000000  -0.000000000000000
   From Coriolis:          0.000000000000000   0.000000000000000   0.000000000000000
 
   ELECTRICAL:            -0.000583570653242   0.000000000000008   0.000000000000018
 
   TOTAL:                  0.041418550505453   0.000000000000008   0.000000000000018
   ----------------------------------------------------------------------------
   MODE  8                         X                    Y                    Z
   ----------------------------------------------------------------------------
   HARMONIC:               0.000000000000000  -0.059465570022563   0.000000000000000
   MIXED:(100+001):        0.000000000000000  -0.000625960955387   0.000000000000000
 
   MECHANICAL:              
   From PHI(i,j,k):       -0.000000000000000   0.000029338752520  -0.000000000000000
   From PHI(i,j,k,l):      0.000000000000000  -0.001440402964849  -0.000000000000000
   From Coriolis:          0.000000000000000   0.000259125135882   0.000000000000000
 
   ELECTRICAL:             0.000000000000006  -0.000264522509014  -0.000000000000107
 
   TOTAL:                  0.000000000000006  -0.061507992563410  -0.000000000000107
   ----------------------------------------------------------------------------
   MODE  9                         X                    Y                    Z
   ----------------------------------------------------------------------------
   HARMONIC:              -0.000000000000000  -0.000000000000000  -0.053660697943505
   MIXED:(100+001):       -0.000000000000000   0.000000000000000   0.000116327549910
 
   MECHANICAL:              
   From PHI(i,j,k):       -0.000000000000000  -0.000000000000000  -0.008132037738240
   From PHI(i,j,k,l):      0.000000000000000   0.000000000000000   0.012038094354453
   From Coriolis:          0.000000000000000   0.000000000000000  -0.000542308892137
 
   ELECTRICAL:            -0.000000000000007   0.000000000000020  -0.001413051940371
 
   TOTAL:                 -0.000000000000007   0.000000000000020  -0.051593674609890
   ----------------------------------------------------------------------------
   MODE 10                         X                    Y                    Z
   ----------------------------------------------------------------------------
   HARMONIC:              -0.000000000000000   0.000000000000000  -0.128752825968108
   MIXED:(100+001):       -0.000000000000000  -0.000000000000000   0.000891573319655
 
   MECHANICAL:              
   From PHI(i,j,k):        0.000000000000000   0.000000000000000   0.000975423815491
   From PHI(i,j,k,l):     -0.000000000000000  -0.000000000000000  -0.004381896864325
   From Coriolis:          0.000000000000000   0.000000000000000   0.000276889512077
 
   ELECTRICAL:            -0.000000000000001   0.000000000000014  -0.001339550785008
 
   TOTAL:                 -0.000000000000001   0.000000000000014  -0.132330386970217
   ----------------------------------------------------------------------------
   MODE 11                         X                    Y                    Z
   ----------------------------------------------------------------------------
   HARMONIC:              -0.000000000000000  -0.000000000000001   0.089778513671298
   MIXED:(100+001):       -0.000000000000000  -0.000000000000001   0.006157405148392
 
   MECHANICAL:              
   From PHI(i,j,k):       -0.000000000000000   0.000000000000000  -0.001589054846092
   From PHI(i,j,k,l):      0.000000000000000   0.000000000000000  -0.000976086337320
   From Coriolis:          0.000000000000000   0.000000000000000   0.000104892856501
 
   ELECTRICAL:             0.000000000000010  -0.000000000000097  -0.000871426112058
 
   TOTAL:                  0.000000000000010  -0.000000000000100   0.092604244380721
   ----------------------------------------------------------------------------
   MODE 12                         X                    Y                    Z
   ----------------------------------------------------------------------------
   HARMONIC:              -0.000000000000000  -0.114475184381424  -0.000000000000001
   MIXED:(100+001):       -0.000000000000000  -0.011866469115980   0.000000000000000
 
   MECHANICAL:              
   From PHI(i,j,k):        0.000000000000000   0.052734102288584   0.000000000000000
   From PHI(i,j,k,l):     -0.000000000000000   0.001049381036326   0.000000000000000
   From Coriolis:          0.000000000000000  -0.000194159516341   0.000000000000000
 
   ELECTRICAL:             0.000000000000015  -0.002485475890634   0.000000000000113
 
   TOTAL:                  0.000000000000015  -0.075237805579469   0.000000000000113
   ----------------------------------------------------------------------------
-------------------------------
  ANHARMONICITY CONSTANTS X(ij) 
                   (cm-1)
-------------------------------
  (*) Near-zero denominators were removed
-------------------------------
          I  J          X(IJ)
-------------------------------
           7  7       -3.0771 
           7  8        7.0208 
           7  9       -0.3579 
           7 10       -7.0638 
           7 11       -7.4501 
           7 12      -19.5937 
           8  8       -2.2313 
           8  9      -20.5260 
           8 10       41.2287 
           8 11       -8.1671 
           8 12      -56.2214 
           9  9        0.4142 
           9 10       -7.1144 
           9 11      -31.8693 
           9 12      -11.9622 
          10 10       -9.6655 
          10 11       -1.8381 
          10 12      -49.0347 
          11 11      -31.2233 
          11 12     -129.7697 
          12 12      -36.5523 
 
 Partial contributions to AZPE (units,cm-1)
 ========================================
 
 
  Term: quartic potential  -2.71546754434475     
  Term: cubic potential    -76.9932150607459     
  Total from potential     -79.7086826050906     
 
  Term: coriolis interaction   2.00047419440909     
 
 Term: Zeroth-order U   -3.00447493191189     
 Total from U           -3.00447493191189     
  termp, termc and termu   -79.7086826050906        2.00047419440909     
  -3.00447493191189     
 ---------------------------------------------------
 
 TOTAL(all-terms)/cm-1  -80.7126833425934     
 
 
  -80.7126833425934              cm-1    
 
 -0.230768861452143              kcal/mol
 
 -0.965536916315764              kJ/mol
 
 -3.677538750428735E-004         Hartree
--------------------------------------------------------------------------------
          HARMONIC AND FUNDAMENTAL FREQUENCIES (cm-1) AND INTENSITIES (km/mol)
--------------------------------------------------------------------------------

         Harmonic     Fundamental Anharmonic    Harmonic   Fundamental  Anharm
  Mode   Frequency    Frequency   Contribution  Intensity  Intensity    Contrib
    7   1195.5151   1175.6384      -19.8767      4.9867       5.0554      0.0687
    8   1278.4487   1255.6537      -22.7950     11.3320      11.9076      0.5756
    9   1544.4782   1509.3916      -35.0865     11.1477      10.0713     -1.0764
   10   1791.3068   1760.0647      -31.2421     74.4348      77.2575      2.8226
   11   2944.8223   2792.8286     -151.9938     59.4972      60.0342      0.5370
   12   3014.5922   2808.1968     -206.3954     99.0248      39.8467    -59.1781
--------------------------------------------------------------------------------
--------------------------------------------------------------------------------
                         ZERO-POINT VIBRATIONAL ENERGIES
--------------------------------------------------------------------------------
                            kcal/mol      kJ/mol        Hartree        cm-1
--------------------------------------------------------------------------------
Harmonic contribution :       16.8248      70.3951      0.02681213      5884.582
VPT2-correction       :       -0.2308      -0.9655     -0.00036775       -80.713
--------------------------------------------------------------------------------
Harm+VPT2             :       16.5941      69.4296      0.02644437      5803.869
--------------------------------------------------------------------------------
--------------------------------------------------------------------------------
              Two-quantum transition moment contributions
--------------------------------------------------------------------------------
                             Cartesian components (X,Y,Z)/ Debye
                   (**) Terms from where near zero denominators were removed
--------------------------------------------------------------------------------
  MAXLEVEL set to                      3
 ONE MODE, TWO QUANTA: I-mode:  7; J-mode: -; I-level:  2; J-level: -
 ---------------------
   Electric:        0.000000000000000    -0.000000000000004        0.008402268042941
   Mechanic:        0.000000000000000     0.000000000000000       -0.005356059781519
   Total   :        0.000000000000000    -0.000000000000003        0.003046208261422

 ONE MODE, TWO QUANTA: I-mode:  8; J-mode: -; I-level:  2; J-level: -
 ---------------------
   Electric:        0.000000000000000    -0.000000000000000        0.002134167186502
   Mechanic:        0.000000000000000     0.000000000000000       -0.004902567960417
   Total   :        0.000000000000000     0.000000000000000       -0.002768400773915

 ONE MODE, TWO QUANTA: I-mode:  9; J-mode: -; I-level:  2; J-level: -
 ---------------------
   Electric:       -0.000000000000000    -0.000000000000000        0.003263278944241
   Mechanic:       -0.000000000000000    -0.000000000000000        0.005309916184495
   Total   :       -0.000000000000000    -0.000000000000000        0.008573195128736

 ONE MODE, TWO QUANTA: I-mode: 10; J-mode: -; I-level:  2; J-level: -
 ---------------------
   Electric:       -0.000000000000000    -0.000000000000000        0.005264496184257
   Mechanic:        0.000000000000000    -0.000000000000000        0.003712696756499
   Total   :       -0.000000000000000    -0.000000000000000        0.008977192940757

 ONE MODE, TWO QUANTA: I-mode: 11; J-mode: -; I-level:  2; J-level: -
 ---------------------
   Electric:       -0.000000000000000    -0.000000000000000        0.002470068212335
   Mechanic:        0.000000000000000     0.000000000000000       -0.002730304689772
   Total   :       -0.000000000000000    -0.000000000000000       -0.000260236477437

 ONE MODE, TWO QUANTA: I-mode: 12; J-mode: -; I-level:  2; J-level: -
 ---------------------
   Electric:       -0.000000000000000     0.000000000000000        0.006411932083642
   Mechanic:        0.000000000000000     0.000000000000000       -0.002783829794428
   Total   :       -0.000000000000000     0.000000000000000        0.003628102289215

 TWO MODES, TWO QUANTA: I-mode:  8; J-mode:  7; I-level:  1; J-level:  1
 ---------------------
   Electric:        0.000000000000000    -0.000000000000000       -0.000000000000000
   Mechanic:        0.000000000000000     0.000000000000000        0.000000000000000
   Total   :        0.000000000000000    -0.000000000000000       -0.000000000000000

 TWO MODES, TWO QUANTA: I-mode:  9; J-mode:  7; I-level:  1; J-level:  1
 ---------------------
   Electric:       -0.000872316004692    -0.000000000000000        0.000000000000000
   Mechanic:        0.000333661714230     0.000000000000000       -0.000000000000000
   Total   :       -0.000538654290462    -0.000000000000000        0.000000000000000

 TWO MODES, TWO QUANTA: I-mode:  9; J-mode:  8; I-level:  1; J-level:  1
 ---------------------
   Electric:        0.000000000000000     0.010854872537087       -0.000000000000001
   Mechanic:       -0.000000000000000    -0.039504169881122       -0.000000000000000
   Total   :        0.000000000000000    -0.028649297344035       -0.000000000000001

 TWO MODES, TWO QUANTA: I-mode: 10; J-mode:  7; I-level:  1; J-level:  1
 ---------------------
   Electric:        0.008314581143571    -0.000000000000000       -0.000000000000000
   Mechanic:       -0.000226524344998    -0.000000000000000        0.000000000000000
   Total   :        0.008088056798573    -0.000000000000000       -0.000000000000000

 TWO MODES, TWO QUANTA: I-mode: 10; J-mode:  8; I-level:  1; J-level:  1
 ---------------------
   Electric:        0.000000000000000     0.000154457075215       -0.000000000000000
   Mechanic:       -0.000000000000000    -0.105802176804427       -0.000000000000001
   Total   :        0.000000000000000    -0.105647719729212       -0.000000000000001

 TWO MODES, TWO QUANTA: I-mode: 10; J-mode:  9; I-level:  1; J-level:  1
 ---------------------
   Electric:       -0.000000000000000     0.000000000000000       -0.003267729450047
   Mechanic:        0.000000000000000     0.000000000000000       -0.000800519566383
   Total   :       -0.000000000000000     0.000000000000000       -0.004068249016430

 TWO MODES, TWO QUANTA: I-mode: 11; J-mode:  7; I-level:  1; J-level:  1
 ---------------------
   Electric:       -0.002265813071097     0.000000000000000        0.000000000000000
   Mechanic:        0.000742704585512     0.000000000000000       -0.000000000000000
   Total   :       -0.001523108485585     0.000000000000000        0.000000000000000

 TWO MODES, TWO QUANTA: I-mode: 11; J-mode:  8; I-level:  1; J-level:  1
 ---------------------
   Electric:       -0.000000000000000    -0.004337542250669        0.000000000000000
   Mechanic:        0.000000000000000    -0.000803193818915        0.000000000000000
   Total   :       -0.000000000000000    -0.005140736069583        0.000000000000000

 TWO MODES, TWO QUANTA: I-mode: 11; J-mode:  9; I-level:  1; J-level:  1
 ---------------------
   Electric:       -0.000000000000000     0.000000000000000       -0.001392893851488
   Mechanic:        0.000000000000000    -0.000000000000000        0.000320566192663
   Total   :       -0.000000000000000     0.000000000000000       -0.001072327658824

 TWO MODES, TWO QUANTA: I-mode: 11; J-mode: 10; I-level:  1; J-level:  1
 ---------------------
   Electric:       -0.000000000000000    -0.000000000000000       -0.012366538882336
   Mechanic:       -0.000000000000000    -0.000000000000000       -0.000150539168128
   Total   :       -0.000000000000000    -0.000000000000000       -0.012517078050464

 TWO MODES, TWO QUANTA: I-mode: 12; J-mode:  7; I-level:  1; J-level:  1
 ---------------------
   Electric:        0.000000000000000     0.000000000000000       -0.000000000000000
   Mechanic:        0.000000000000000     0.000000000000000        0.000000000000000
   Total   :        0.000000000000000     0.000000000000000       -0.000000000000000

 TWO MODES, TWO QUANTA: I-mode: 12; J-mode:  8; I-level:  1; J-level:  1
 ---------------------
   Electric:       -0.000000000000000    -0.000000000000000        0.003585660351597
   Mechanic:       -0.000000000000000     0.000000000000000       -0.000858117315241
   Total   :       -0.000000000000000    -0.000000000000000        0.002727543036356

 TWO MODES, TWO QUANTA: I-mode: 12; J-mode:  9; I-level:  1; J-level:  1
 ---------------------
   Electric:        0.000000000000000    -0.010241572674735        0.000000000000000
   Mechanic:       -0.000000000000000     0.003191727627117        0.000000000000000
   Total   :        0.000000000000000    -0.007049845047618        0.000000000000000

 TWO MODES, TWO QUANTA: I-mode: 12; J-mode: 10; I-level:  1; J-level:  1
 ---------------------
   Electric:        0.000000000000000     0.022859751450730       -0.000000000000000
   Mechanic:       -0.000000000000000    -0.002542865855140       -0.000000000000000
   Total   :        0.000000000000000     0.020316885595591       -0.000000000000000

 TWO MODES, TWO QUANTA: I-mode: 12; J-mode: 11; I-level:  1; J-level:  1
 ---------------------
   Electric:       -0.000000000000000    -0.019300905747410        0.000000000000000
   Mechanic:        0.000000000000000     0.013139544397974        0.000000000000000
   Total   :       -0.000000000000000    -0.006161361349435        0.000000000000000

 ------------------------------------------------------------------------------
                   All levels with up to three quanta
--------------------------------------------------------------------------------
  MODE MODE MODE MODE MODE                   Anharmonic    Anharm      Harmonic
   I    J    K    L    M   NI  NJ  NK  NL  NM Frequency   Intensity   Transition
--------------------------------------------------------------------------------
    7    0    0    0    0  1   0   0   0   0  1175.638    5.055307   1195.515081
    8    0    0    0    0  1   0   0   0   0  1255.653   11.907400   1278.448678
    9    0    0    0    0  1   0   0   0   0  1509.391   10.071145   1544.478183
   10    0    0    0    0  1   0   0   0   0  1760.064   77.255921   1791.306846
    7    0    0    0    0  2   0   0   0   0  2345.122    0.352405   2391.030162
    8    7    0    0    0  1   1   0   0   0  2438.312    0.000000   2473.963759
    8    0    0    0    0  2   0   0   0   0  2506.844    0.311130   2556.897357
    9    7    0    0    0  1   1   0   0   0  2684.672    0.001953   2739.993264
    9    8    0    0    0  1   1   0   0   0  2744.519    5.646599   2822.926861
   11    0    0    0    0  1   0   0   0   0  2792.828   60.032999   2944.822345
   12    0    0    0    0  1   0   0   0   0  2808.196   39.845911   3014.592218
   10    7    0    0    0  1   1   0   0   0  2928.639    0.480227   2986.821927
    9    0    0    0    0  2   0   0   0   0  3019.611    3.594126   3088.956365
   10    8    0    0    0  1   1   0   0   0  3056.947   85.526532   3069.755524
   10    9    0    0    0  1   1   0   0   0  3262.341    0.135343   3335.785028
   10    0    0    0    0  2   0   0   0   0  3500.798    4.568830   3582.613691
    7    0    0    0    0  3   0   0   0   0  3508.452    0.000000   3586.545243
    8    7    0    0    0  1   2   0   0   0  3614.817    0.000000   3669.478840
    8    7    0    0    0  2   1   0   0   0  3696.524    0.000000   3752.412438
    8    0    0    0    0  3   0   0   0   0  3753.573    0.000000   3835.346035
    9    7    0    0    0  1   2   0   0   0  3853.798    0.000000   3935.508344
    9    8    7    0    0  1   1   1   0   0  3926.820    0.000000   4018.441942
   11    7    0    0    0  1   1   0   0   0  3961.016    0.023034   4140.337426
   12    7    0    0    0  1   1   0   0   0  3964.241    0.000000   4210.107299
    9    8    0    0    0  1   2   0   0   0  3975.184    0.000000   4101.375539
   12    8    0    0    0  1   1   0   0   0  4007.629    0.074735   4293.040897
   11    8    0    0    0  1   1   0   0   0  4040.315    0.267645   4223.271023
   10    7    0    0    0  1   2   0   0   0  4091.059    0.000000   4182.337008
    9    7    0    0    0  2   1   0   0   0  4194.534    0.000000   4284.471446
   10    8    7    0    0  1   1   1   0   0  4232.542    0.000000   4265.270605
    9    8    0    0    0  2   1   0   0   0  4234.213    0.000000   4367.405044
   11    9    0    0    0  1   1   0   0   0  4270.350    0.012309   4489.300528
   12    9    0    0    0  1   1   0   0   0  4305.626    0.536399   4559.070401
   10    8    0    0    0  1   2   0   0   0  4349.366    0.000000   4348.204203
   10    9    7    0    0  1   1   1   0   0  4430.558    0.000000   4531.300109
   12   10    0    0    0  1   1   0   0   0  4519.226    4.675963   4805.899064
    9    0    0    0    0  3   0   0   0   0  4530.659    0.000000   4633.434548
   10    9    8    0    0  1   1   1   0   0  4538.698    0.000000   4614.233707
   11   10    0    0    0  1   1   0   0   0  4551.055    1.787355   4736.129191
   10    7    0    0    0  2   1   0   0   0  4662.309    0.000000   4778.128772
   10    9    0    0    0  1   2   0   0   0  4765.447    0.000000   4880.263211
   10    8    0    0    0  2   1   0   0   0  4838.909    0.000000   4861.062370
   10    9    0    0    0  2   1   0   0   0  4995.961    0.000000   5127.091874
   12    7    0    0    0  1   2   0   0   0  5114.131    0.000000   5405.622380
   11    7    0    0    0  1   2   0   0   0  5123.050    0.000000   5335.852507
   12    8    7    0    0  1   1   1   0   0  5170.694    0.000000   5488.555978
   12    8    0    0    0  1   2   0   0   0  5202.598    0.000000   5571.489575
   11    8    7    0    0  1   1   1   0   0  5215.524    0.000000   5418.786104
   10    0    0    0    0  3   0   0   0   0  5222.201    0.000000   5373.920537
   11    8    0    0    0  1   2   0   0   0  5283.339    0.000000   5501.719702
   11    9    7    0    0  1   1   1   0   0  5438.181    0.000000   5684.815609
   12    9    7    0    0  1   1   1   0   0  5461.313    0.000000   5754.585482
   12   11    0    0    0  1   1   0   0   0  5471.255    0.520635   5959.414563
   12    9    8    0    0  1   1   1   0   0  5484.532    0.000000   5837.519079
   11    9    8    0    0  1   1   1   0   0  5497.311    0.000000   5767.749206
   11    0    0    0    0  2   0   0   0   0  5523.210    0.006057   5889.644690
   12    0    0    0    0  2   0   0   0   0  5543.289    1.181635   6029.184436
   12   10    7    0    0  1   1   1   0   0  5668.207    0.000000   6001.414145
   11   10    7    0    0  1   1   1   0   0  5712.179    0.000000   5931.644272
   11    9    0    0    0  1   2   0   0   0  5748.701    0.000000   6033.778710
   12   10    8    0    0  1   1   1   0   0  5759.887    0.000000   6084.347742
   12    9    0    0    0  1   2   0   0   0  5803.884    0.000000   6103.548583
   11   10    8    0    0  1   1   1   0   0  5839.770    0.000000   6014.577869
   12   10    9    0    0  1   1   1   0   0  6009.541    0.000000   6350.377246
   11   10    9    0    0  1   1   1   0   0  6021.463    0.000000   6280.607373
   12   10    0    0    0  1   2   0   0   0  6210.925    0.000000   6597.205909
   11   10    0    0    0  1   2   0   0   0  6289.950    0.000000   6527.436036
   12   11    7    0    0  1   1   1   0   0  6619.850    0.000000   7154.929644
   12   11    8    0    0  1   1   1   0   0  6662.520    0.000000   7237.863242
   12    7    0    0    0  2   1   0   0   0  6679.740    0.000000   7224.699517
   11    7    0    0    0  2   1   0   0   0  6683.948    0.000000   7085.159771
   12    8    0    0    0  2   1   0   0   0  6686.500    0.000000   7307.633115
   11    8    0    0    0  2   1   0   0   0  6762.530    0.000000   7168.093368
   12   11    9    0    0  1   1   1   0   0  6936.815    0.000000   7503.892746
   11    9    0    0    0  2   1   0   0   0  6968.863    0.000000   7434.122873
   12    9    0    0    0  2   1   0   0   0  7028.756    0.000000   7573.662619
   12   11   10    0    0  1   1   1   0   0  7180.447    0.000000   7750.721409
   12   10    0    0    0  2   1   0   0   0  7205.284    0.000000   7820.491282
   11   10    0    0    0  2   1   0   0   0  7279.599    0.000000   7680.951536
   12   11    0    0    0  1   2   0   0   0  8071.867    0.000000   8904.236908
   12   11    0    0    0  2   1   0   0   0  8076.578    0.000000   8974.006781
   11    0    0    0    0  3   0   0   0   0  8191.145    0.000000   8834.467035
   12    0    0    0    0  3   0   0   0   0  8205.276    0.000000   9043.776655
--------------------------------------------------------------------------------
 ----------------------------------------------------------------------
     Electric dipole moment function in dimensionless normal coordinates
----------------------------------------------------------------------
               Derivative
   Direction     Level        I       J       K      dMU
 ----------------------------------------------------------------------
     X          First        7                     0.0226967
     X         Second        7       9            -0.0006864
     X         Second        7      10             0.0065423
     X         Second        7      11            -0.0017830
     X         Second        9       7            -0.0006864
     X         Second       10       7             0.0065424
     X         Second       11       7            -0.0017829
     X          Third        7       7       7     0.0000290
     X          Third        8       8       7     0.0000706
     X          Third        9       9       7     0.0003286
     X          Third       10      10       7    -0.0006102
     X          Third       11      11       7    -0.0003169
     X          Third       12      12       7    -0.0007999
     Y          First        8                    -0.0330860
     Y          First       12                    -0.0636927
     Y         Second        8       9             0.0085414
     Y         Second        8      10             0.0001216
     Y         Second        8      11            -0.0034131
     Y         Second        9       8             0.0085412
     Y         Second        9      12            -0.0080583
     Y         Second       10       8             0.0001215
     Y         Second       10      12             0.0179876
     Y         Second       11       8            -0.0034130
     Y         Second       11      12            -0.0151870
     Y         Second       12       9            -0.0080586
     Y         Second       12      10             0.0179873
     Y         Second       12      11            -0.0151870
     Y          Third        7       7       8    -0.0004311
     Y          Third        7       7      12    -0.0021176
     Y          Third        8       8       8    -0.0005811
     Y          Third        8       8      12    -0.0017157
     Y          Third        9       9       8     0.0026206
     Y          Third        9       9      12    -0.0007550
     Y          Third       10      10       8     0.0010431
     Y          Third       10      10      12    -0.0019743
     Y          Third       11      11       8    -0.0000715
     Y          Third       11      11      12    -0.0008123
     Y          Third       12      12       8    -0.0031687
     Y          Third       12      12      12     0.0018434
     Z          First        9                    -0.0298562
     Z          First       10                    -0.0716367
     Z          First       11                     0.0499518
     Z         Second        7       7             0.0237652
     Z         Second        8       8             0.0060363
     Z         Second        8      12             0.0028207
     Z         Second        9       9             0.0092299
     Z         Second        9      10            -0.0025711
     Z         Second        9      11            -0.0010959
     Z         Second       10       9            -0.0025712
     Z         Second       10      10             0.0148902
     Z         Second       10      11            -0.0097306
     Z         Second       11       9            -0.0010960
     Z         Second       11      10            -0.0097306
     Z         Second       11      11             0.0069864
     Z         Second       12       8             0.0028214
     Z         Second       12      12             0.0181357
     Z          Third        7       7       9    -0.0013415
     Z          Third        7       7      10     0.0007864
     Z          Third        7       7      11    -0.0020996
     Z          Third        8       8       9    -0.0024058
     Z          Third        8       8      10     0.0002543
     Z          Third        8       8      11    -0.0002178
     Z          Third        9       9       9    -0.0022823
     Z          Third        9       9      10     0.0003721
     Z          Third        9       9      11    -0.0001598
     Z          Third       10      10       9     0.0004787
     Z          Third       10      10      10    -0.0014706
     Z          Third       10      10      11     0.0006198
     Z          Third       11      11       9    -0.0001619
     Z          Third       11      11      10     0.0001823
     Z          Third       11      11      11    -0.0005802
     Z          Third       12      12       9     0.0025681
     Z          Third       12      12      10    -0.0031059
     Z          Third       12      12      11     0.0004981
 ----------------------------------------------------------------------
 @CHECKOUT-I, Total execution time (CPU/WALL):        0.04/       0.06 seconds.
